GeneSymbol,Gene ID (Biomart),log2FC,Condition
MTND2P28,0,-0.39,no T3
MTATP6P1,0,-0.35,no T3
LINC01128,643837,-0.22,no T3
LINC02593,0,-0.34,no T3
SAMD11,148398,-0.44,no T3
NOC2L,0,-0.12,no T3
AL645608.7,0,-0.62,no T3
ACAP3,116983,-0.22,no T3
MXRA8,54587,0.55,no T3
VWA1,64856,0.41,no T3
RER1,11079,-0.12,no T3
PLCH2,9651,0.35,no T3
AL139246.5,0,0.37,no T3
MMEL1,79258,0.4,no T3
ARHGEF16,27237,0.57,no T3
MEGF6,1953,0.44,no T3
WRAP73,49856,-0.14,no T3
LRRC47,0,-0.16,no T3
CEP104,9731,-0.12,no T3
GPR153,387509,0.2,no T3
ESPN,83715,0.42,no T3
TNFRSF25,8718,0.52,no T3
PLEKHG5,57449,0.6,no T3
DNAJC11,55735,-0.13,no T3
ERRFI1,54206,0.21,no T3
ENO1,2023,0.25,no T3
MIR34AHG,106614088,0.26,no T3
TMEM201,199953,-0.17,no T3
CTNNBIP1,56998,-0.13,no T3
CASZ1,54897,-0.19,no T3
EXOSC10,5394,-0.09,no T3
MTOR,2475,-0.12,no T3
FBXO2,0,0.25,no T3
DRAXIN,374946,0.19,no T3
AGTRAP,57085,0.19,no T3
CLCN6,1185,-0.16,no T3
PLOD1,5351,0.28,no T3
MFN2,9927,-0.12,no T3
MIIP,60672,-0.17,no T3
TNFRSF1B,7133,0.29,no T3
DHRS3,9249,0.44,no T3
PDPN,10630,0.21,no T3
TMEM51-AS1,200197,0.24,no T3
TMEM51,55092,0.33,no T3
FHAD1,114827,0.88,no T3
PLEKHM2,23207,-0.12,no T3
FBLIM1,54751,0.25,no T3
FAM131C,0,0.28,no T3
EPHA2,1969,0.42,no T3
ARHGEF19,128272,0.24,no T3
NBPF1,55672,-0.14,no T3
CROCC,9696,0.24,no T3
MFAP2,4237,0.44,no T3
IGSF21,84966,-0.26,no T3
PAX7,5081,0.14,no T3
MRTO4,51154,-0.15,no T3
VWA5B1,127731,0.26,no T3
CAMK2N1,55450,0.16,no T3
KIF17,57576,0.39,no T3
SH2D5,400745,0.27,no T3
EIF4G3,8672,-0.09,no T3
ALPL,249,0.6,no T3
HSPG2,3339,0.31,no T3
ZBTB40,9923,-0.16,no T3
EPHA8,2046,0.46,no T3
LUZP1,7798,-0.11,no T3
HNRNPR,10236,-0.1,no T3
ELOA,6924,-0.2,no T3
PITHD1,57095,-0.1,no T3
LYPLA2,11313,-0.15,no T3
RSRP1,57035,-0.17,no T3
PAQR7,164091,0.25,no T3
LIN28A,79727,0.84,no T3
DHDDS,79947,-0.16,no T3
HMGN2,3151,-0.14,no T3
ARID1A,8289,-0.13,no T3
NUDC,10726,-0.14,no T3
SLC9A1,6548,-0.18,no T3
IFI6,2537,0.18,no T3
SESN2,83667,0.18,no T3
SNHG12,85028,-0.31,no T3
YTHDF2,51441,-0.1,no T3
EPB41,2035,-0.08,no T3
TXLNA,200081,-0.18,no T3
MTMR9LP,0,0.45,no T3
BSDC1,55108,-0.12,no T3
KIAA1522,57648,0.23,no T3
HPCA,3208,0.28,no T3
TMEM54,113452,0.26,no T3
ZNF362,149076,-0.13,no T3
PHC2,1912,-0.14,no T3
CSMD2,114784,-0.16,no T3
SFPQ,6421,-0.12,no T3
CLSPN,63967,-0.16,no T3
TRAPPC3,27095,-0.16,no T3
SH3D21,79729,0.24,no T3
GRIK3,0,0.26,no T3
GNL2,29889,-0.11,no T3
C1orf109,54955,-0.15,no T3
SF3A3,10946,-0.16,no T3
FHL3,2275,0.31,no T3
NDUFS5,4725,-0.13,no T3
PABPC4,8761,-0.08,no T3
MYCL,4610,0.19,no T3
CAP1,10487,-0.07,no T3
RLF,6018,0.16,no T3
RIMS3,9783,0.32,no T3
CTPS1,1503,-0.18,no T3
ZMYND12,84217,0.28,no T3
SLC2A1,6513,0.71,no T3
EBNA1BP2,10969,-0.2,no T3
HYI,81888,0.22,no T3
KDM4A,9682,-0.12,no T3
IPO13,9670,-0.12,no T3
DPH2,1802,-0.21,no T3
SLC6A9,6536,0.37,no T3
DMAP1,55929,-0.09,no T3
HECTD3,79654,-0.12,no T3
MUTYH,4595,0.16,no T3
NASP,4678,-0.12,no T3
MAST2,23139,0.13,no T3
PIK3R3,8503,-0.23,no T3
LURAP1,0,0.44,no T3
MOB3C,148932,0.22,no T3
EFCAB14,0,-0.1,no T3
SPATA6,54558,0.21,no T3
ELAVL4,1996,0.19,no T3
EPS15,2060,0.15,no T3
RAB3B,5865,0.18,no T3
ORC1,4998,-0.17,no T3
GPX7,0,0.23,no T3
PODN,127435,0.33,no T3
DAB1,1600,0.41,no T3
OMA1,115209,0.26,no T3
FGGY,55277,0.26,no T3
NFIA,4774,-0.27,no T3
PATJ,10207,0.25,no T3
KANK4,163782,0.29,no T3
PGM1,5236,0.26,no T3
CACHD1,57685,-0.09,no T3
JAK1,3716,-0.23,no T3
AK4,205,0.42,no T3
RABGGTB,0,-0.15,no T3
AK5,26289,0.39,no T3
IFI44L,10964,0.26,no T3
ADGRL2,23266,0.14,no T3
CTBS,0,0.26,no T3
SSX2IP,117178,0.45,no T3
DDAH1,23576,0.16,no T3
AC092807.3,0,0.25,no T3
CCN1,3491,0.55,no T3
GTF2B,2959,-0.14,no T3
LRRC8B,23507,-0.16,no T3
TGFBR3,7049,0.27,no T3
BTBD8,284697,0.19,no T3
RPAP2,79871,-0.17,no T3
CCDC18-AS1,0,0.21,no T3
DNTTIP2,0,-0.19,no T3
TMEM56,148534,0.23,no T3
PTBP2,58155,0.14,no T3
PALMD,0,0.63,no T3
CDC14A,8556,0.16,no T3
VCAM1,7412,0.54,no T3
AC093157.1,0,0.2,no T3
S1PR1,1901,0.23,no T3
COL11A1,1301,0.18,no T3
NTNG1,22854,0.2,no T3
SLC25A24,29957,0.17,no T3
SARS,0,0.12,no T3
PSRC1,84722,-0.45,no T3
SORT1,6272,-0.43,no T3
PSMA5,5686,-0.11,no T3
SYPL2,284612,-0.27,no T3
AL160006.1,0,0.17,no T3
KCNC4,3749,0.21,no T3
LAMTOR5-AS1,0,0.24,no T3
WDR77,79084,-0.19,no T3
MOV10,4343,0.19,no T3
SLC16A1,6566,0.09,no T3
SLC16A1-AS1,100506392,0.21,no T3
DCLRE1B,64858,-0.18,no T3
SYT6,148281,0.29,no T3
DENND2C,163259,-0.32,no T3
TSPAN2,10100,0.32,no T3
NHLH2,4808,0.27,no T3
ATP1A1,476,0.13,no T3
TTF2,8458,-0.12,no T3
WDR3,0,-0.23,no T3
SPAG17,200162,0.26,no T3
PHGDH,26227,0.14,no T3
POLR3C,10623,-0.15,no T3
LIX1L,128077,0.13,no T3
TXNIP,10628,0.14,no T3
ACP6,51205,0.25,no T3
GPR89B,51463,-0.21,no T3
SF3B4,10262,-0.15,no T3
MTMR11,10903,0.27,no T3
VPS45,11311,-0.16,no T3
CA14,23632,1.17,no T3
C1orf54,79630,0.38,no T3
CIART,148523,0.63,no T3
ADAMTSL4,54507,0.35,no T3
ENSA,2029,-0.08,no T3
GABPB2,126626,0.23,no T3
AL592424.1,0,-0.28,no T3
SEMA6C,10500,-0.2,no T3
SCNM1,79005,-0.14,no T3
PI4KB,5298,-0.16,no T3
RFX5,5993,0.2,no T3
SELENBP1,8991,0.22,no T3
CELF3,11189,-0.1,no T3
S100A16,140576,0.49,no T3
SLC27A3,11000,0.17,no T3
AL513523.2,343052,0.85,no T3
CRTC2,200186,-0.14,no T3
CREB3L4,148327,0.25,no T3
UBAP2L,9898,-0.12,no T3
UBE2Q1,55585,-0.13,no T3
CHRNB2,1141,-0.15,no T3
KCNN3,3782,0.24,no T3
PYGO2,0,-0.16,no T3
SHC1,6464,0.17,no T3
ZBTB7B,51043,0.35,no T3
DCST2,127579,0.31,no T3
EFNA3,1944,0.21,no T3
ASH1L,55870,-0.1,no T3
SYT11,23208,-0.15,no T3
ARHGEF2,9181,0.12,no T3
MEX3A,0,-0.14,no T3
SEMA4A,64218,0.26,no T3
SLC25A44,9673,-0.2,no T3
GLMP,112770,0.21,no T3
CCT3,7203,-0.13,no T3
C1orf61,10485,-0.7,no T3
GPATCH4,54865,-0.33,no T3
NES,10763,-0.13,no T3
CRABP2,1382,1.1,no T3
HDGF,3068,0.1,no T3
PRCC,0,-0.16,no T3
ETV3L,440695,0.32,no T3
KIRREL1,55243,0.13,no T3
ACKR1,2532,-0.23,no T3
PIGM,93183,-0.13,no T3
IGSF8,93185,0.21,no T3
ATP1A2,477,-0.21,no T3
VANGL2,57216,0.15,no T3
F11R,50848,0.4,no T3
USF1,7391,-0.15,no T3
B4GALT3,8703,-0.16,no T3
PCP4L1,654790,0.29,no T3
C1orf226,400793,0.18,no T3
RGS4,5999,0.27,no T3
PBX1,5087,0.07,no T3
LMX1A,4009,0.32,no T3
POGK,57645,-0.15,no T3
ILDR2,387597,0.31,no T3
DCAF6,55827,-0.18,no T3
PRRC2C,23215,-0.09,no T3
PRDX6,9588,0.14,no T3
KIAA0040,9674,-0.3,no T3
RALGPS2,55103,0.22,no T3
TOR3A,64222,-0.18,no T3
ACBD6,100527964,-0.15,no T3
XPR1,9213,0.16,no T3
IER5,51278,-0.19,no T3
DHX9,1660,-0.16,no T3
NMNAT2,23057,-0.11,no T3
SMG7,9887,-0.11,no T3
RGL1,23179,-0.17,no T3
TPR,7175,-0.15,no T3
KCNT2,343450,0.26,no T3
CRB1,23418,0.27,no T3
AL358473.1,0,0.57,no T3
NAV1,89796,0.16,no T3
SHISA4,149345,0.25,no T3
TIMM17A,10440,-0.13,no T3
SYT2,127833,0.38,no T3
KDM5B,10765,0.08,no T3
RABIF,5877,-0.25,no T3
KLHL12,59349,-0.09,no T3
PPFIA4,8497,0.45,no T3
BTG2,7832,0.19,no T3
ATP2B4,493,0.12,no T3
SOX13,9580,0.28,no T3
ETNK2,55224,0.18,no T3
MDM4,4194,0.16,no T3
LRRN2,10446,0.34,no T3
CNTN2,6900,0.18,no T3
NUAK2,81788,0.18,no T3
KLHDC8A,55220,0.5,no T3
LEMD1,93273,0.22,no T3
BLACAT1,0,0.21,no T3
CDK18,5129,0.41,no T3
PFKFB2,5208,-0.23,no T3
CD46,4179,0.16,no T3
CAMK1G,57172,0.29,no T3
TRAF5,7188,0.19,no T3
INTS7,25896,-0.17,no T3
PROX1,5629,0.17,no T3
PTPN14,5784,0.19,no T3
KCTD3,51133,-0.1,no T3
TGFB2,7042,-0.38,no T3
MARK1,4139,0.17,no T3
MARC1,64757,0.17,no T3
MIA3,375056,-0.13,no T3
AL592148.3,0,0.28,no T3
DNAH14,127602,0.19,no T3
TMEM63A,9725,0.37,no T3
ITPKB,3707,0.22,no T3
C1orf35,0,-0.19,no T3
IBA57,200205,-0.15,no T3
OBSCN,84033,0.2,no T3
AL353593.2,0,0.24,no T3
NUP133,0,-0.1,no T3
TAF5L,27097,-0.23,no T3
URB2,9816,-0.23,no T3
COG2,22796,-0.11,no T3
C1orf198,84886,0.13,no T3
FAM89A,0,0.29,no T3
TRIM67,440730,0.18,no T3
EGLN1,54583,0.29,no T3
TOMM20,9804,0.18,no T3
ARID4B,51742,-0.1,no T3
NID1,4811,0.22,no T3
HEATR1,55127,-0.14,no T3
RYR2,6262,-0.72,no T3
CHRM3,1131,-0.21,no T3
FMN2,56776,-0.25,no T3
GREM2,64388,0.26,no T3
LINC01341,0,-0.24,no T3
AL390728.4,0,0.15,no T3
PGBD2,267002,-0.21,no T3
PXDN,7837,0.07,no T3
MYT1L,23040,0.13,no T3
AC010729.1,112268411,0.31,no T3
ID2,0,0.28,no T3
RRM2,6241,-0.16,no T3
ODC1-DT,0,0.22,no T3
NOL10,79954,-0.16,no T3
GREB1,9687,0.2,no T3
FAM84A,0,0.22,no T3
DDX1,1653,-0.12,no T3
MYCN,4613,-0.15,no T3
FAM49A,81553,0.3,no T3
SMC6,79677,-0.1,no T3
LINC00954,400946,0.25,no T3
SDC1,6382,0.25,no T3
HS1BP3,64342,0.19,no T3
LDAH,60526,-0.09,no T3
KLHL29,114818,-0.29,no T3
WDCP,80304,-0.11,no T3
NCOA1,8648,-0.2,no T3
EFR3B,22979,-0.17,no T3
ASXL2,55252,-0.17,no T3
SLC35F6,0,-0.24,no T3
ABHD1,84696,0.24,no T3
PREB,10113,-0.14,no T3
SLC5A6,8884,-0.14,no T3
ATRAID,51374,0.19,no T3
EIF2B4,8890,-0.12,no T3
NRBP1,29959,-0.23,no T3
IFT172,26160,-0.1,no T3
SLC4A1AP,22950,-0.18,no T3
WDR43,0,-0.11,no T3
CLIP4,79745,0.23,no T3
LBH,81606,-0.15,no T3
GALNT14,79623,0.24,no T3
LTBP1,4052,0.61,no T3
FAM98A,25940,-0.15,no T3
HEATR5B,54497,-0.16,no T3
CEBPZ,0,-0.15,no T3
SRSF7,6432,-0.08,no T3
TMEM178A,130733,0.16,no T3
PKDCC,0,0.28,no T3
MTA3,57504,0.14,no T3
PLEKHH2,130271,0.27,no T3
RHOQ,23433,0.14,no T3
EPCAM-DT,101927043,0.37,no T3
MSH6,2956,-0.18,no T3
STON1,11037,0.31,no T3
SPTBN1,6711,-0.09,no T3
CCT4,10575,-0.1,no T3
PELI1,57162,0.17,no T3
PNO1,56902,-0.17,no T3
ANTXR1,84168,-0.15,no T3
MXD1,4084,-0.16,no T3
FAM136A,84908,-0.12,no T3
ADD2,119,-0.12,no T3
TEX261,113419,-0.22,no T3
NAGK,55577,-0.18,no T3
MPHOSPH10,0,-0.22,no T3
ZNF638,27332,-0.11,no T3
CYP26B1,56603,0.45,no T3
FBXO41,150726,0.17,no T3
MTHFD2,10797,0.15,no T3
WDR54,84058,0.18,no T3
WBP1,0,-0.26,no T3
LOXL3,84695,0.49,no T3
HK2,3099,0.7,no T3
TACR1,6869,0.25,no T3
LRRTM4,80059,0.19,no T3
TGOLN2,10618,-0.13,no T3
MAT2A,4144,-0.13,no T3
USP39,10713,-0.11,no T3
ST3GAL5,8869,0.17,no T3
POLR1A,0,-0.14,no T3
REEP1,65055,-0.12,no T3
KDM3A,55818,0.44,no T3
THNSL2,55258,0.24,no T3
RPIA,0,-0.15,no T3
MAL,4118,0.45,no T3
STARD7,56910,-0.15,no T3
TMEM127,55654,-0.21,no T3
CIAO1,9391,-0.09,no T3
KANSL3,55683,-0.15,no T3
FER1L5,90342,0.24,no T3
SEMA4C,54910,-0.1,no T3
ACTR1B,10120,0.15,no T3
CNGA3,1261,0.26,no T3
EIF5B,0,-0.2,no T3
LONRF2,164832,-0.2,no T3
CNOT11,0,-0.13,no T3
RNF149,284996,0.19,no T3
MAP4K4,9448,-0.12,no T3
LINC01965,0,0.32,no T3
LINC01102,0,0.28,no T3
PANTR1,100506421,0.2,no T3
TGFBRAP1,9392,-0.11,no T3
NCK2,8440,-0.14,no T3
RANBP2,5903,-0.15,no T3
BUB1,699,-0.13,no T3
BCL2L11,10018,-0.13,no T3
FBLN7,129804,0.5,no T3
AC092645.1,0,0.47,no T3
TTL,150465,-0.13,no T3
POLR1B,84172,-0.21,no T3
CHCHD5,84269,0.17,no T3
AC079922.2,0,-0.25,no T3
SLC20A1,6574,-0.11,no T3
CCDC93,54520,-0.16,no T3
INSIG2,51141,0.27,no T3
EN1,2019,0.18,no T3
TFCP2L1,29842,0.28,no T3
NIFK,0,-0.11,no T3
GYPC,2995,0.34,no T3
CYP27C1,339761,0.26,no T3
ERCC3,2071,-0.12,no T3
IWS1,55677,-0.16,no T3
GPR17,2840,0.3,no T3
WDR33,55339,-0.14,no T3
SAP130,79595,-0.12,no T3
IMP4,92856,-0.14,no T3
MZT2A,653784,0.22,no T3
MCM6,4175,-0.21,no T3
EPC2,26122,-0.17,no T3
CACNB4,785,0.29,no T3
ACVR1,90,0.27,no T3
TANK,10010,-0.16,no T3
PSMD14,10213,-0.11,no T3
B3GALT1,8708,-0.2,no T3
LRP2,4036,-0.2,no T3
GAD1,2571,0.37,no T3
CYBRD1,79901,0.28,no T3
ITGA6,3655,0.27,no T3
PDK1,5163,0.61,no T3
LNPK,80856,0.2,no T3
AC019080.1,100130691,0.22,no T3
OSBPL6,114880,-0.18,no T3
CWC22,57703,-0.17,no T3
ZC3H15,55854,-0.12,no T3
GULP1,51454,0.43,no T3
COL5A2,1290,0.23,no T3
STAT1,6772,-0.12,no T3
TMEFF2,23671,-0.45,no T3
STK17B,9262,0.26,no T3
C2orf66,401027,-0.22,no T3
PGAP1,80055,0.28,no T3
HSPD1,3329,-0.15,no T3
TRAK2,66008,-0.18,no T3
FZD7,8324,0.45,no T3
NOP58,51602,-0.14,no T3
CARF,79800,0.23,no T3
GPR1,2825,0.41,no T3
FZD5,7855,-0.35,no T3
PLEKHM3,389072,-0.12,no T3
CRYGEP,0,0.36,no T3
IDH1,3417,-0.27,no T3
SPAG16,79582,0.19,no T3
TMEM169,92691,0.21,no T3
XRCC5,7520,-0.09,no T3
LINC01963,150967,-0.19,no T3
IGFBP2,3485,0.39,no T3
TNS1,7145,0.43,no T3
AAMP,14,-0.12,no T3
CNOT9,9125,-0.1,no T3
ZNF142,7701,-0.16,no T3
BCS1L,617,-0.2,no T3
RNF25,64320,-0.18,no T3
RETREG2,79137,-0.15,no T3
DES,1674,-0.64,no T3
SPEG,10290,0.48,no T3
ASIC4,55515,0.41,no T3
CHPF,79586,-0.21,no T3
EPHA4,2043,0.15,no T3
AC079834.2,0,0.24,no T3
PAX3,5077,0.1,no T3
CCDC140,0,0.25,no T3
AC010980.2,0,0.24,no T3
FARSB,10056,-0.14,no T3
DOCK10,55619,0.36,no T3
IRS1,3667,0.17,no T3
PID1,55022,0.2,no T3
ITM2C,81618,0.2,no T3
C2orf72,257407,0.16,no T3
PSMD1,5707,-0.14,no T3
NCL,0,-0.18,no T3
NPPC,4880,1.36,no T3
EIF4E2,9470,-0.11,no T3
GIGYF2,26058,-0.1,no T3
ATG16L1,55054,-0.12,no T3
ARL4C,10123,0.13,no T3
IQCA1,79781,0.21,no T3
ACKR3,57007,0.29,no T3
HES6,55502,-0.21,no T3
ASB1,51665,-0.14,no T3
NDUFA10,4705,-0.08,no T3
KIF1A,547,-0.13,no T3
PASK,23178,-0.11,no T3
PPP1R7,5510,-0.14,no T3
FARP2,9855,-0.2,no T3
BOK,666,0.27,no T3
RTP5,285093,0.27,no T3
BHLHE40,8553,0.33,no T3
SRGAP3,9901,0.26,no T3
SETD5,55209,0.1,no T3
BRPF1,7862,-0.15,no T3
IL17RC,84818,0.22,no T3
EMC3,55831,-0.14,no T3
CIDECP1,0,-0.17,no T3
TATDN2,0,-0.22,no T3
SLC6A1,6529,0.54,no T3
ATG7,10533,-0.16,no T3
RAF1,5894,-0.09,no T3
NUP210,23225,0.16,no T3
WNT7A,7476,0.74,no T3
TMEM43,79188,-0.12,no T3
NR2C2,7182,-0.15,no T3
DPH3,285381,-0.14,no T3
TBC1D5,9779,-0.11,no T3
KCNH8,0,0.17,no T3
UBE2E2,7325,0.17,no T3
UBE2E1,7324,0.18,no T3
TOP2B,7155,-0.15,no T3
LINC01980,105377007,0.26,no T3
OSBPL10,114884,0.23,no T3
CMTM7,112616,0.36,no T3
TRANK1,9881,0.3,no T3
LRRFIP2,9209,-0.19,no T3
GOLGA4,2803,-0.17,no T3
PLCD1,5333,0.33,no T3
ACAA1,30,-0.25,no T3
CTNNB1,1499,-0.08,no T3
SEC22C,9117,-0.09,no T3
SNRK,54861,-0.15,no T3
SNRK-AS1,0,-0.31,no T3
ABHD5,51099,-0.18,no T3
AC006058.1,0,-0.19,no T3
TCAIM,285343,-0.18,no T3
ZNF35,0,-0.2,no T3
ZDHHC3,51304,-0.15,no T3
TMEM158,25907,-0.24,no T3
LIMD1,8994,-0.18,no T3
KLHL18,23276,-0.17,no T3
CSPG5,10675,0.17,no T3
SMARCC1,0,-0.09,no T3
SHISA5,51246,0.15,no T3
PFKFB4,5210,0.32,no T3
COL7A1,1294,-0.22,no T3
CELSR3,0,-0.11,no T3
PRKAR2A,5576,-0.13,no T3
ARIH2,10425,-0.08,no T3
QARS,5859,0.12,no T3
USP19,10869,-0.1,no T3
BSN,0,-0.17,no T3
MST1,4485,0.22,no T3
RNF123,63891,-0.12,no T3
IP6K1,9807,-0.18,no T3
CAMKV,79012,0.43,no T3
SEMA3F,6405,0.16,no T3
IFRD2,7866,-0.22,no T3
HYAL3,8372,-0.29,no T3
TMEM115,0,-0.14,no T3
CACNA2D2,9254,0.13,no T3
C3orf18,51161,0.31,no T3
CISH,1154,-0.24,no T3
DOCK3,1795,-0.17,no T3
MANF,7873,-0.11,no T3
RBM15B,0,-0.17,no T3
DCAF1,9730,-0.08,no T3
RRP9,0,-0.18,no T3
PCBP4,57060,0.19,no T3
ABHD14B,84836,0.27,no T3
GLYCTK-AS1,0,0.25,no T3
DNAH1,25981,0.23,no T3
BAP1,8314,-0.13,no T3
NT5DC2,64943,0.12,no T3
GNL3,0,-0.17,no T3
NEK4,6787,-0.12,no T3
SFMBT1,0,-0.13,no T3
PRKCD,5580,0.47,no T3
TKT,7086,0.15,no T3
FHIT,2272,0.21,no T3
PSMD6,0,-0.09,no T3
PRICKLE2,166336,0.23,no T3
FAM19A4,151647,0.38,no T3
SHQ1,0,-0.17,no T3
ROBO2,6092,0.2,no T3
ROBO1,6091,0.09,no T3
CADM2,253559,0.27,no T3
ZNF654,55279,0.19,no T3
EPHA3,2042,0.31,no T3
PROS1,5627,-0.14,no T3
FILIP1L,11259,-0.33,no T3
NIT2,56954,0.14,no T3
LNP1,0,0.2,no T3
TMEM45A,55076,0.37,no T3
TFG,10342,-0.08,no T3
SENP7,57337,0.2,no T3
ZBTB11-AS1,100009676,-0.21,no T3
NFKBIZ,64332,-0.21,no T3
CD47,961,0.27,no T3
IFT57,0,-0.19,no T3
DPPA4,55211,0.63,no T3
CCDC80,151887,0.22,no T3
BOC,91653,0.17,no T3
MAATS1,89876,0.42,no T3
GSK3B,2932,-0.12,no T3
FSTL1,11167,0.16,no T3
GOLGB1,2804,-0.1,no T3
FAM162A,0,0.27,no T3
SEMA5B,54437,0.11,no T3
MYLK,4638,0.19,no T3
UMPS,7372,-0.13,no T3
HEG1,0,-0.44,no T3
OSBPL11,0,-0.19,no T3
ZXDC,79364,-0.14,no T3
SEC61A1,29927,-0.16,no T3
GATA2,2624,-0.24,no T3
COL6A4P2,0,0.24,no T3
DNAJC13,23317,-0.13,no T3
TOPBP1,11073,-0.13,no T3
SRPRB,58477,-0.15,no T3
STAG1,10274,-0.16,no T3
FAIM,55179,0.2,no T3
COPB2,9276,-0.14,no T3
NMNAT3,349565,0.24,no T3
AC110716.2,0,0.37,no T3
ZBTB38,253461,0.23,no T3
TFDP2,7029,0.17,no T3
PLOD2,5352,0.44,no T3
ZIC4,84107,-0.42,no T3
ZIC1,7545,-0.41,no T3
WWTR1,25937,0.18,no T3
ARHGEF26,26084,0.16,no T3
GPR149,0,0.29,no T3
PLCH1,23007,0.51,no T3
VEPH1,79674,0.26,no T3
PTX3,5806,0.16,no T3
GFM1,85476,-0.11,no T3
SMC4,10051,-0.1,no T3
KPNA4,3840,-0.1,no T3
ZBBX,79740,0.3,no T3
EGFEM1P,0,0.37,no T3
MECOM,2122,0.15,no T3
LRRC34,151827,0.37,no T3
TNIK,23043,0.12,no T3
FNDC3B,64778,0.21,no T3
KCNMB3,27094,-0.24,no T3
GNB4,59345,0.21,no T3
ACTL6A,86,-0.12,no T3
PEX5L,51555,-0.33,no T3
SOX2-OT,347689,0.38,no T3
YEATS2,55689,0.08,no T3
ABCC5,10057,-0.22,no T3
ABCF3,55324,-0.16,no T3
CAMK2N2,94032,-0.18,no T3
PSMD2,5708,-0.16,no T3
EIF4G1,1981,-0.2,no T3
FAM131A,131408,0.21,no T3
CLCN2,1181,0.32,no T3
POLR2H,5437,0.18,no T3
CHRD,8646,0.19,no T3
C3orf70,285382,0.17,no T3
IGF2BP2,10644,0.08,no T3
TBCCD1,55171,-0.2,no T3
DNAJB11,51726,-0.21,no T3
RFC4,5984,-0.15,no T3
IL1RAP,3556,-0.32,no T3
HES1,3280,0.2,no T3
LSG1,0,-0.24,no T3
ACAP2-IT1,0,0.32,no T3
NCBP2,22916,-0.2,no T3
MELTF,4241,0.43,no T3
MELTF-AS1,100507057,0.26,no T3
RUBCN,9711,-0.19,no T3
IQCG,84223,-0.17,no T3
ZNF721,170960,-0.15,no T3
DGKQ,0,-0.18,no T3
IDUA,0,0.19,no T3
SPON2,10417,0.29,no T3
FGFR3,2261,0.19,no T3
TNIP2,79155,-0.15,no T3
NOP14,8602,-0.25,no T3
HGFAC,3083,-0.24,no T3
LYAR,55646,-0.21,no T3
PPP2R2C,5522,0.2,no T3
MAN2B2,23324,-0.18,no T3
MRFAP1,93621,-0.09,no T3
AC093323.1,0,-0.19,no T3
TBC1D14,57533,-0.15,no T3
AFAP1,60312,-0.16,no T3
WDR1,9948,-0.2,no T3
BOD1L1,259282,-0.08,no T3
LDB2,9079,0.24,no T3
SLIT2,9353,-0.34,no T3
KCNIP4,80333,-0.23,no T3
ADGRA3,0,-0.07,no T3
DHX15,0,-0.14,no T3
LGI2,55203,0.32,no T3
KLF3-AS1,0,0.23,no T3
FAM114A1,92689,0.23,no T3
RFC1,5981,-0.11,no T3
NSUN7,0,0.31,no T3
APBB2,323,0.11,no T3
LIMCH1,22998,0.29,no T3
PHOX2B,8929,0.2,no T3
SHISA3,0,0.28,no T3
SLC10A4,0,-0.22,no T3
SRD5A3,79644,-0.16,no T3
NMU,10874,0.28,no T3
KIAA1211,57482,-0.11,no T3
POLR2B,5431,-0.16,no T3
ANKRD17,26057,-0.09,no T3
PARM1,25849,-0.37,no T3
SHROOM3,57619,0.19,no T3
Sep-11,55752,0.19,no T3
AC021127.1,0,0.31,no T3
PRDM8,56978,0.3,no T3
COPS4,51138,-0.13,no T3
NUDT9,0,-0.16,no T3
SPARCL1,8404,0.26,no T3
PYURF,0,-0.13,no T3
SNCA,6622,0.23,no T3
MMRN1,22915,0.24,no T3
PDLIM5,10611,0.21,no T3
BMPR1B,658,0.25,no T3
UNC5C,8633,-0.21,no T3
AP002026.1,100507053,0.29,no T3
MTTP,4547,0.98,no T3
H2AFZ,3015,-0.12,no T3
BDH2,56898,0.14,no T3
TACR3,6870,0.48,no T3
CXXC4,80319,0.31,no T3
LEF1,51176,-0.34,no T3
EGF,1950,0.31,no T3
ELOVL6,79071,0.14,no T3
NEUROG2,63973,-0.19,no T3
ANK2,287,0.14,no T3
CAMK2D,817,0.14,no T3
SEC24D,9871,-0.2,no T3
PRDM5,0,0.22,no T3
NDNF,79625,0.4,no T3
EXOSC9,5393,-0.11,no T3
AC021205.3,0,0.31,no T3
FAT4,79633,0.34,no T3
INTU,27152,0.24,no T3
HSPA4L,22824,0.21,no T3
PCDH18,54510,0.15,no T3
SLC7A11,23657,0.95,no T3
ELF2,1998,-0.13,no T3
NAA15,80155,-0.18,no T3
USP38,84640,-0.14,no T3
GAB1,2549,-0.14,no T3
POU4F2,5458,-0.21,no T3
LRBA,987,-0.12,no T3
MAB21L2,10586,-0.22,no T3
FHDC1,85462,-0.23,no T3
TRIM2,23321,0.22,no T3
TMEM131L,23240,-0.12,no T3
RNF175,285533,0.33,no T3
SFRP2,6423,0.24,no T3
PLRG1,5356,-0.11,no T3
GASK1B,51313,0.29,no T3
ETFDH,2110,-0.16,no T3
FSTL5,56884,0.27,no T3
TLL1,7092,0.33,no T3
AC097534.2,105377540,0.32,no T3
SCRG1,11341,0.54,no T3
GPM6A,2823,0.23,no T3
TENM3-AS1,0,-0.22,no T3
WWC2,80014,0.11,no T3
ACSL1,2180,-0.22,no T3
ANKRD37,353322,0.25,no T3
C4orf47,441054,0.31,no T3
PDLIM3,27295,0.2,no T3
PLEKHG4B,153478,0.24,no T3
TPPP,11076,0.19,no T3
ZDHHC11B,653082,0.33,no T3
TRIP13,9319,-0.17,no T3
SLC12A7,10723,0.29,no T3
CLPTM1L,81037,-0.14,no T3
IRX4,50805,-0.47,no T3
ICE1,23379,-0.18,no T3
SEMA5A,9037,0.48,no T3
SNHG18,0,0.41,no T3
CCT5,22948,-0.11,no T3
CMBL,134147,0.34,no T3
ANKRD33B,651746,0.32,no T3
TRIO,7204,-0.11,no T3
MYO10,4651,0.11,no T3
CDH10,1008,0.2,no T3
PURPL,643401,0.46,no T3
DROSHA,29102,-0.2,no T3
ADAMTS12,81792,0.33,no T3
SLC45A2,51151,-0.37,no T3
BRIX1,55299,-0.18,no T3
NADK2,133686,0.34,no T3
SLC1A3,6507,-0.15,no T3
NIPBL-DT,646719,0.16,no T3
HCN1,0,-0.41,no T3
ITGA2,3673,0.51,no T3
MOCS2,4338,-0.16,no T3
DHX29,54505,-0.23,no T3
PLK2,10769,-0.25,no T3
KIF2A,3796,-0.09,no T3
MAST4,375449,0.2,no T3
MAP1B,4131,-0.17,no T3
UTP15,84135,-0.15,no T3
ENC1,8507,-0.25,no T3
OTP,23440,0.37,no T3
ARSB,411,-0.14,no T3
THBS4,7060,0.17,no T3
VCAN,1462,0.29,no T3
NR2F1-AS1,441094,0.25,no T3
NR2F1,0,0.24,no T3
AC106818.1,0,0.41,no T3
ELL2,22936,0.36,no T3
LIX1,167410,0.44,no T3
PAM,5066,0.11,no T3
C5orf30,90355,0.16,no T3
NUDT12,83594,0.2,no T3
STARD4,134429,0.31,no T3
APC,324,-0.12,no T3
CDO1,1036,0.49,no T3
ZNF608,57507,0.29,no T3
PHAX,0,-0.14,no T3
LMNB1,4001,-0.12,no T3
MEGF10,84466,0.3,no T3
LINC01184,644873,0.2,no T3
FBN2,2201,0.4,no T3
RAPGEF6,51735,0.23,no T3
P4HA2,8974,0.33,no T3
UQCRQ,27089,-0.15,no T3
HSPA4,0,-0.11,no T3
TCF7,6932,-0.19,no T3
H2AFY,9555,-0.08,no T3
NEUROG1,0,-0.44,no T3
SPOCK1,6695,-0.15,no T3
FAM13B,51306,-0.23,no T3
BRD8,10902,-0.16,no T3
ETF1,2107,-0.09,no T3
HSPA9,3313,-0.1,no T3
CXXC5,51523,0.29,no T3
SRA1,10011,-0.18,no T3
SLC35A4,0,-0.23,no T3
IK,0,-0.15,no T3
HARS,3035,-0.1,no T3
PCDHB2,56133,-0.12,no T3
TAF7,6879,-0.13,no T3
PCDHGB6,56100,-0.21,no T3
DIAPH1,1729,-0.1,no T3
ARAP3,64411,0.29,no T3
JAKMIP2,9832,-0.17,no T3
TCOF1,6949,-0.11,no T3
MYOZ3,91977,0.28,no T3
SLC36A1,206358,-0.19,no T3
SPARC,6678,0.26,no T3
GRIA1,2890,0.11,no T3
MFAP3,4238,-0.14,no T3
SAP30L,0,-0.2,no T3
FAXDC2,10826,0.23,no T3
CNOT8,9337,-0.14,no T3
GEMIN5,25929,-0.14,no T3
ITK,3702,-0.31,no T3
TTC1,7265,-0.17,no T3
SLU7,10569,-0.12,no T3
GABRG2,2566,0.23,no T3
CCNG1,900,0.18,no T3
TENM2,57451,0.42,no T3
WWC1,23286,0.29,no T3
RARS,5917,-0.17,no T3
SLIT3,6586,0.77,no T3
INSYN2B,100131897,-0.32,no T3
KCNIP1,30820,0.36,no T3
NEURL1B,54492,0.29,no T3
ATP6V0E1,8992,-0.16,no T3
STC2,8614,0.77,no T3
NSG2,0,0.14,no T3
NOP16,51491,-0.25,no T3
FAF2,23197,-0.09,no T3
GPRIN1,0,-0.2,no T3
UNC5A,90249,0.25,no T3
ZNF346,23567,-0.12,no T3
DBN1,1627,-0.17,no T3
DOK3,79930,-0.41,no T3
N4BP3,23138,0.32,no T3
NHP2,55651,-0.12,no T3
HNRNPAB,3182,-0.15,no T3
CLK4,0,0.14,no T3
ZNF354C,30832,-0.12,no T3
ADAMTS2,0,0.23,no T3
HNRNPH1,3187,-0.1,no T3
CANX,821,0.11,no T3
SQSTM1,8878,-0.13,no T3
TBC1D9B,0,-0.14,no T3
HEIH,100859930,0.19,no T3
LINC00847,729678,0.27,no T3
BTNL9,153579,0.22,no T3
TRIM52,84851,-0.15,no T3
SERPINB1,1992,0.29,no T3
RIPK1,8737,-0.25,no T3
BPHL,670,0.12,no T3
TUBB2A,7280,0.13,no T3
SLC22A23,63027,-0.15,no T3
NRN1,51299,0.37,no T3
RIOK1,83732,-0.15,no T3
TBC1D7,51256,-0.14,no T3
NOL7,0,-0.12,no T3
NUP153,9972,-0.08,no T3
MBOAT1,154141,0.17,no T3
E2F3,1871,-0.13,no T3
NRSN1,140767,0.27,no T3
TDP2,0,-0.15,no T3
RIPOR2,9750,0.51,no T3
CARMIL1,55604,0.25,no T3
BTN3A2,11118,0.21,no T3
ZNF184,7738,-0.22,no T3
ZSCAN9,7746,-0.12,no T3
PGBD1,84547,-0.16,no T3
HLA-A,3105,0.14,no T3
GNL1,2794,-0.26,no T3
ABCF1,23,-0.14,no T3
PPP1R10,5514,-0.11,no T3
ATAT1,79969,-0.09,no T3
DHX16,8449,-0.14,no T3
NRM,11270,0.19,no T3
MDC1,9656,-0.14,no T3
VARS2,57176,-0.11,no T3
CCHCR1,54535,0.15,no T3
TCF19,6941,-0.24,no T3
HLA-B,3106,0.18,no T3
LY6G5C,0,-0.3,no T3
DDAH2,23564,-0.1,no T3
CLIC1,1192,0.38,no T3
MSH5,4439,0.22,no T3
HSPA1B,3304,-0.18,no T3
NEU1,4758,-0.14,no T3
STK19,8859,-0.24,no T3
CYP21A1P,0,-0.29,no T3
PBX2,5089,0.14,no T3
TSBP1-AS1,414764,0.31,no T3
BRD2,6046,-0.15,no T3
HLA-DPB1,3115,0.25,no T3
COL11A2,1302,-0.24,no T3
RXRB,6257,-0.16,no T3
SLC39A7,7922,-0.14,no T3
HSD17B8,7923,0.37,no T3
WDR46,9277,-0.19,no T3
DAXX,1616,-0.16,no T3
ITPR3,3710,-0.24,no T3
HMGA1,3159,0.22,no T3
UHRF1BP1,0,0.11,no T3
SCUBE3,222663,0.34,no T3
Z97832.2,0,-0.28,no T3
TEAD3,7005,0.18,no T3
MAPK14,1432,-0.15,no T3
BRPF3,27154,-0.18,no T3
KCTD20,222658,-0.1,no T3
STK38,11329,-0.13,no T3
SRSF3,6428,-0.15,no T3
CDKN1A,1026,0.24,no T3
PIM1,5292,-0.17,no T3
OARD1,221443,0.16,no T3
NFYA,4800,-0.21,no T3
USP49,25862,0.15,no T3
BYSL,0,-0.18,no T3
CCND3,896,-0.25,no T3
GUCA1A,2978,0.22,no T3
RRP36,88745,-0.17,no T3
SRF,6722,-0.15,no T3
ZNF318,0,-0.15,no T3
XPO5,0,-0.11,no T3
VEGFA,7422,0.41,no T3
SLC29A1,2030,0.2,no T3
TMEM151B,441151,0.17,no T3
CDC5L,0,-0.12,no T3
MCM3,4172,-0.17,no T3
FBXO9,26268,-0.16,no T3
AL021368.2,0,0.24,no T3
SDHAF4,0,0.19,no T3
FILIP1,27145,0.23,no T3
TENT5A,55603,-0.49,no T3
ME1,4199,0.22,no T3
PRSS35,167681,0.37,no T3
PM20D2,135293,0.22,no T3
MDN1,23195,-0.15,no T3
FUT9,10690,0.38,no T3
FBXL4,26235,0.18,no T3
COQ3,51805,-0.2,no T3
LIN28B,389421,0.3,no T3
BVES,11149,0.27,no T3
BEND3,57673,-0.12,no T3
MICAL1,0,0.17,no T3
AMD1,262,-0.12,no T3
FYN,2534,-0.14,no T3
FAM229B,619208,-0.13,no T3
LAMA4,3910,-0.33,no T3
TSPYL4,23270,-0.16,no T3
DCBLD1,285761,0.18,no T3
SLC35F1,222553,0.11,no T3
MCM9,254394,-0.14,no T3
GJA1,2697,-0.22,no T3
PKIB,5570,0.26,no T3
FABP7,2173,0.6,no T3
PTPRK,5796,0.19,no T3
MED23,9439,-0.1,no T3
CCN2,1490,0.92,no T3
MOXD1,26002,-0.23,no T3
SLC2A12,154091,0.32,no T3
MAP7,9053,0.25,no T3
TNFAIP3,7128,0.28,no T3
NHSL1,57224,0.24,no T3
CITED2,10370,0.28,no T3
HIVEP2,3097,-0.23,no T3
LTV1,0,-0.22,no T3
PLAGL1,5325,-0.43,no T3
SASH1,23328,0.17,no T3
KATNA1,11104,-0.18,no T3
ULBP3,0,0.25,no T3
PPP1R14C,0,-0.28,no T3
MTHFD1L,25902,0.14,no T3
AKAP12,9590,0.21,no T3
TIAM2,26230,0.16,no T3
SYNJ2,8871,0.3,no T3
TCP1,6950,-0.19,no T3
MRPL18,29074,-0.16,no T3
C6orf118,168090,0.25,no T3
MPC1,51660,-0.16,no T3
RNASET2,8635,0.31,no T3
LINC02487,0,0.45,no T3
AFDN-DT,0,0.24,no T3
DACT2,168002,-1.49,no T3
AL606970.1,0,-0.43,no T3
SMOC2,64094,-0.91,no T3
AC102953.2,0,-0.31,no T3
PSMG3-AS1,114796,-0.15,no T3
EIF3B,8662,-0.14,no T3
LFNG,3955,0.27,no T3
GNA12,2768,-0.12,no T3
FOXK1,221937,0.2,no T3
AP5Z1,9907,-0.19,no T3
RADIL,55698,0.22,no T3
RNF216P1,441191,-0.24,no T3
FBXL18,80028,-0.23,no T3
RNF216,54476,-0.12,no T3
C7orf26,79034,-0.15,no T3
ZNF853,54753,-0.17,no T3
ICA1,3382,0.43,no T3
PHF14,9678,-0.13,no T3
ARL4A,10124,0.44,no T3
ETV1,2115,0.27,no T3
HDAC9,9734,0.17,no T3
TMEM196,256130,0.29,no T3
ITGB8,3696,0.33,no T3
SP8,221833,0.46,no T3
TOMM7,0,-0.14,no T3
IGF2BP3,10643,0.17,no T3
OSBPL3,26031,0.3,no T3
HNRNPA2B1,3181,-0.13,no T3
AC004540.1,0,0.27,no T3
AC004947.2,0,0.23,no T3
TAX1BP1,8887,-0.08,no T3
CREB5,9586,0.28,no T3
WIPF3,644150,0.38,no T3
SCRN1,9805,0.15,no T3
ADCYAP1R1,117,0.17,no T3
FKBP9,11328,0.23,no T3
AMPH,273,0.12,no T3
POU6F2,11281,0.31,no T3
CDK13,8621,-0.11,no T3
AC005537.1,0,0.23,no T3
PGAM2,5224,0.29,no T3
AEBP1,165,0.49,no T3
YKT6,10652,-0.13,no T3
DDX56,54606,-0.15,no T3
NACAD,23148,-0.19,no T3
TBRG4,9238,-0.14,no T3
ADCY1,107,-0.21,no T3
GTF2IP13,0,0.18,no T3
TNS3,64759,0.17,no T3
UPP1,7378,0.47,no T3
IKZF1,10320,0.14,no T3
VSTM2A,222008,0.27,no T3
EGFR,1956,0.31,no T3
PSPH,5723,0.15,no T3
CCT6A,908,-0.15,no T3
AUTS2,26053,-0.09,no T3
POM121,9883,-0.15,no T3
BAZ1B,9031,-0.17,no T3
ELN,2006,0.4,no T3
HIP1,3092,0.11,no T3
TMEM120A,83862,0.17,no T3
HSPB1,3315,0.22,no T3
CACNA2D1,781,0.2,no T3
SEMA3E,0,0.34,no T3
SEMA3A,10371,-0.28,no T3
GRM3,2913,0.44,no T3
KIAA1324L,222223,0.14,no T3
ADAM22,53616,0.16,no T3
GATAD1,57798,0.17,no T3
PEG10,23089,-0.31,no T3
PON2,5445,-0.13,no T3
TAC1,6863,-0.33,no T3
LMTK2,22853,-0.11,no T3
TECPR1,25851,-0.13,no T3
NPTX2,4885,-0.31,no T3
TRRAP,8295,-0.1,no T3
ZKSCAN5,23660,-0.15,no T3
ZKSCAN1,7586,0.16,no T3
C7orf43,55262,-0.18,no T3
GAL3ST4,79690,-0.34,no T3
GIGYF1,64599,-0.14,no T3
POP7,10248,-0.14,no T3
SLC12A9,56996,-0.16,no T3
TRIP6,0,0.52,no T3
SRRT,51593,-0.22,no T3
ACHE,43,0.27,no T3
TRIM56,81844,0.34,no T3
VGF,7425,-0.27,no T3
COL26A1,136227,0.22,no T3
PRKRIP1,0,-0.13,no T3
LRWD1,222229,-0.17,no T3
LRRC17,10234,-0.29,no T3
DNAJC2,27000,-0.2,no T3
PSMC2,5701,-0.14,no T3
RELN,5649,-0.3,no T3
KMT2E,55904,0.08,no T3
CDHR3,222256,0.27,no T3
BMT2,0,0.2,no T3
KCND2,0,-0.19,no T3
PTPRZ1,5803,0.1,no T3
GCC1,0,-0.15,no T3
LRRC4,64101,-0.13,no T3
CCDC136,64753,0.14,no T3
FLNC,2318,0.42,no T3
ATP6V1FNB,0,-0.3,no T3
AC078846.1,0,0.17,no T3
MEST,4232,0.33,no T3
PODXL,5420,0.2,no T3
BPGM,669,-0.14,no T3
NUP205,23165,-0.1,no T3
CREB3L2,64764,0.17,no T3
KIAA1549,57670,-0.13,no T3
GSTK1,373156,0.14,no T3
CASP2,835,-0.15,no T3
CNTNAP2,26047,0.38,no T3
CUL1,8454,-0.12,no T3
ZNF783,100289678,0.15,no T3
ZNF767P,79970,-0.14,no T3
ZNF467,168544,0.39,no T3
SSPO,0,0.29,no T3
RARRES2,5919,1.18,no T3
TMEM176B,28959,0.29,no T3
TMEM176A,55365,0.38,no T3
NOS3,4846,0.42,no T3
ABCF2,0,-0.25,no T3
WDR86,349136,0.42,no T3
DPP6,1804,0.35,no T3
AC008060.1,0,0.5,no T3
AC008060.4,0,0.45,no T3
NOM1,64434,-0.13,no T3
UBE3C,9690,-0.17,no T3
DNAJB6,10049,-0.14,no T3
PTPRN2,5799,0.09,no T3
TDRP,157695,0.28,no T3
AC100810.1,0,0.23,no T3
ARHGEF10,9639,0.29,no T3
FAM86B3P,286042,0.18,no T3
PRAG1,0,0.31,no T3
MFHAS1,9258,-0.11,no T3
PPP1R3B,79660,0.28,no T3
FAM167A,83648,-0.39,no T3
FDFT1,2222,0.08,no T3
LZTS1,11178,-0.21,no T3
PHYHIP,9796,0.23,no T3
PDLIM2,64236,0.3,no T3
BIN3,55909,-0.21,no T3
TNFRSF10B,8795,0.27,no T3
TNFRSF10D,0,0.45,no T3
CHMP7,91782,-0.15,no T3
SLC25A37,51312,0.13,no T3
STC1,6781,0.93,no T3
NEFM,4741,0.24,no T3
NEFL,4747,0.29,no T3
CDCA2,157313,-0.17,no T3
EBF2,0,0.34,no T3
BNIP3L,665,0.25,no T3
EPHX2,2053,0.38,no T3
SCARA3,51435,0.15,no T3
ZNF395,0,0.28,no T3
FBXO16,157574,0.18,no T3
INTS9,55756,-0.17,no T3
WRN,7486,-0.13,no T3
UNC5D,137970,0.36,no T3
EIF4EBP1,1978,0.23,no T3
FGFR1,2260,0.17,no T3
PLEKHA2,59339,0.76,no T3
TM2D2,83877,-0.18,no T3
TCIM,56892,0.32,no T3
ZMAT4,79698,0.27,no T3
SFRP1,6422,0.19,no T3
GPAT4,137964,-0.1,no T3
ANK1,286,-0.18,no T3
KAT6A,7994,-0.09,no T3
AP3M2,10947,-0.11,no T3
VDAC3,7419,-0.1,no T3
SLC20A2,6575,0.12,no T3
MCM4,0,-0.1,no T3
ST18,9705,0.27,no T3
RGS20,8601,0.19,no T3
XKR4,114786,-0.16,no T3
TGS1,96764,-0.16,no T3
PLAG1,5324,0.32,no T3
FAM110B,90362,-0.15,no T3
NSMAF,8439,-0.17,no T3
TOX,9760,0.16,no T3
LINC01414,0,0.25,no T3
RRS1,0,-0.28,no T3
SNHG6,0,0.18,no T3
COPS5,10987,-0.11,no T3
SLCO5A1,81796,-0.19,no T3
ZFHX4-AS1,0,0.31,no T3
TPD52,7163,0.44,no T3
PMP2,5375,0.43,no T3
ZFAND1,79752,0.16,no T3
RALYL,138046,0.43,no T3
CA2,760,0.27,no T3
AC106038.1,0,0.25,no T3
FSBP,100861412,0.37,no T3
INTS8,55656,-0.15,no T3
CCNE2,9134,-0.18,no T3
PTDSS1,9791,-0.12,no T3
SDC2,6383,0.41,no T3
POP1,10940,-0.19,no T3
VPS13B,157680,-0.13,no T3
RGS22,26166,0.27,no T3
AZIN1-AS1,0,0.24,no T3
DCAF13,25879,-0.16,no T3
EIF3E,3646,0.14,no T3
ENY2,56943,-0.13,no T3
ENPP2,5168,0.22,no T3
TAF2,6873,-0.1,no T3
ZHX2,22882,0.3,no T3
FAM91A1,157769,-0.14,no T3
MTSS1,9788,0.09,no T3
PVT1,0,0.27,no T3
ADCY8,0,-0.39,no T3
KCNQ3,3786,-0.26,no T3
AC083843.3,0,0.19,no T3
COL22A1,0,0.29,no T3
KCNK9,51305,-0.29,no T3
PEG13,359809,-0.17,no T3
DENND3,22898,0.28,no T3
PTP4A3,11156,0.28,no T3
ADGRB1,575,0.41,no T3
LYNX1,66004,0.27,no T3
LY6E,4061,0.24,no T3
C8orf31,286122,0.37,no T3
GLI4,0,-0.18,no T3
ZC3H3,0,-0.14,no T3
TSTA3,7264,-0.14,no T3
ZNF623,9831,-0.11,no T3
ZNF707,286075,-0.16,no T3
MAPK15,225689,0.45,no T3
FAM83H,286077,0.23,no T3
SCRIB,23513,-0.15,no T3
EPPK1,83481,0.41,no T3
PLEC,5339,0.15,no T3
FBXL6,26233,-0.23,no T3
CYHR1,50626,-0.14,no T3
PPP1R16A,84988,-0.21,no T3
LRRC14,9684,-0.15,no T3
C8orf33,0,-0.12,no T3
SMARCA2,6595,-0.14,no T3
VLDLR,7436,-0.15,no T3
PUM3,0,-0.18,no T3
KIAA2026,158358,-0.11,no T3
RANBP6,26953,-0.14,no T3
PTPRD,5789,0.11,no T3
BNC2,54796,0.2,no T3
PLIN2,123,0.3,no T3
MLLT3,4300,-0.12,no T3
CDKN2B,1030,-0.26,no T3
DNAJA1,3301,-0.25,no T3
NOL6,65083,-0.21,no T3
UBAP2,55833,-0.12,no T3
DNAI1,27019,0.25,no T3
PHF24,23349,0.22,no T3
TPM2,7169,0.34,no T3
TLN1,7094,-0.15,no T3
GBA2,57704,-0.12,no T3
RGP1,9827,-0.12,no T3
GRHPR,9380,0.11,no T3
EXOSC3,51010,-0.17,no T3
KLF9,687,-0.57,no T3
TRPM3,80036,0.4,no T3
CEMIP2,23670,0.14,no T3
PSAT1,29968,0.27,no T3
TLE1,7088,-0.34,no T3
NTRK2,4915,0.46,no T3
NAA35,60560,-0.11,no T3
GOLM1,51280,-0.12,no T3
SPIN1,10927,-0.18,no T3
AL353150.1,0,0.3,no T3
SEMA4D,10507,0.17,no T3
AL161910.1,0,-0.26,no T3
FGD3,89846,0.4,no T3
CARD19,84270,0.16,no T3
WNK2,65268,0.15,no T3
PHF2,5253,-0.12,no T3
PCAT7,0,-0.13,no T3
PTCH1,5727,0.38,no T3
ZNF782,158431,-0.23,no T3
NCBP1,4686,-0.15,no T3
ANP32B,0,-0.12,no T3
RNF20,56254,-0.12,no T3
TMEM38B,0,0.16,no T3
ELP1,8518,-0.19,no T3
WDR31,114987,0.27,no T3
ALAD,210,-0.12,no T3
POLE3,54107,-0.16,no T3
COL27A1,85301,0.29,no T3
AKNA,80709,0.21,no T3
TNC,3371,-0.32,no T3
PAPPA,5069,0.56,no T3
BRINP1,1620,-0.2,no T3
FBXW2,26190,-0.12,no T3
PSMD5,5711,0.13,no T3
CUTALP,253039,0.28,no T3
RBM18,0,-0.16,no T3
STRBP,55342,-0.09,no T3
CRB2,286204,0.25,no T3
NEK6,10783,0.16,no T3
ADGRD2,347088,0.39,no T3
NR5A1,2516,0.35,no T3
NR6A1,2649,0.5,no T3
OLFML2A,169611,-0.31,no T3
ARPC5L,81873,-0.17,no T3
HSPA5,3309,-0.25,no T3
MAPKAP1,79109,-0.16,no T3
RALGPS1,9649,-0.13,no T3
GARNL3,84253,0.26,no T3
SLC25A25,114789,-0.16,no T3
SLC25A25-AS1,0,-0.22,no T3
DNM1,1759,0.21,no T3
TRUB2,26995,-0.14,no T3
URM1,81605,-0.13,no T3
AL359091.1,0,0.52,no T3
CERCAM,51148,0.59,no T3
GLE1,2733,-0.19,no T3
PKN3,29941,0.18,no T3
TBC1D13,54662,-0.17,no T3
LRRC8A,56262,-0.21,no T3
PHYHD1,254295,0.31,no T3
DOLK,22845,-0.21,no T3
NUP188,0,-0.14,no T3
ASB6,140459,-0.13,no T3
TOR1A,0,-0.16,no T3
C9orf78,0,-0.12,no T3
FNBP1,23048,-0.14,no T3
ASS1,445,0.39,no T3
PRDM12,59335,0.2,no T3
NUP214,8021,-0.14,no T3
PLPP7,0,0.24,no T3
RAPGEF1,2889,-0.22,no T3
NTNG2,84628,0.33,no T3
TSC1,7248,-0.11,no T3
SURF6,6838,-0.18,no T3
SURF4,6836,-0.09,no T3
CACFD1,11094,-0.19,no T3
SLC2A6,11182,0.25,no T3
DBH-AS1,138948,0.21,no T3
SARDH,1757,0.36,no T3
WDR5,11091,-0.17,no T3
COL5A1,1289,0.2,no T3
OLFM1,10439,0.22,no T3
CAMSAP1,0,-0.08,no T3
NACC2,138151,0.18,no T3
TMEM250,90120,-0.16,no T3
SNAPC4,6621,-0.14,no T3
ENTR1,10807,-0.15,no T3
INPP5E,56623,-0.14,no T3
SEC16A,9919,-0.19,no T3
AGPAT2,10555,0.29,no T3
LCNL1,401562,0.35,no T3
ABCA2,20,0.26,no T3
DPP7,29952,0.38,no T3
GRIN1,2902,0.33,no T3
ANAPC2,0,-0.14,no T3
TMEM203,94107,-0.14,no T3
NDOR1,27158,-0.15,no T3
BX255925.3,0,-0.14,no T3
RNF208,727800,0.3,no T3
NELFB,25920,-0.09,no T3
CACNA1B,774,-0.13,no T3
GTPBP4,23560,-0.12,no T3
ADARB2,0,0.24,no T3
PFKP,5214,0.35,no T3
TASOR2,54906,-0.25,no T3
GDI2,2665,0.11,no T3
FBH1,84893,-0.12,no T3
RBM17,84991,-0.13,no T3
PFKFB3,5209,0.33,no T3
LINC02649,399715,0.29,no T3
TAF3,83860,-0.17,no T3
ECHDC3,79746,0.22,no T3
PROSER2,254427,0.23,no T3
PHYH,5264,0.25,no T3
HSPA14,51182,-0.16,no T3
RSU1,6251,-0.15,no T3
VIM,7431,0.24,no T3
CACNB2,783,-0.28,no T3
SKIDA1,387640,0.24,no T3
ENKUR,0,0.3,no T3
MYO3A,53904,0.26,no T3
PARD3,56288,-0.26,no T3
CCNY,219771,-0.14,no T3
HSD17B7P2,158160,0.27,no T3
ZNF37BP,0,-0.16,no T3
BMS1,9790,-0.17,no T3
WASHC2C,253725,-0.15,no T3
GPRIN2,9721,0.39,no T3
VSTM4,196740,0.2,no T3
TMEM273,170371,0.28,no T3
OGDHL,55753,0.19,no T3
WASHC2A,387680,-0.14,no T3
CSTF2T,23283,-0.13,no T3
ZWINT,11130,-0.22,no T3
PHYHIPL,84457,0.23,no T3
ARID5B,84159,0.15,no T3
EGR2,1959,0.24,no T3
TET1,80312,0.23,no T3
STOX1,219736,-0.23,no T3
DDX21,9188,-0.12,no T3
KIF1BP,0,-0.11,no T3
TSPAN15,23555,0.2,no T3
TYSND1,219743,-0.15,no T3
SAR1A,56681,0.1,no T3
EIF4EBP2,0,-0.17,no T3
ADAMTS14,140766,-0.26,no T3
PSAP,5660,0.11,no T3
CHST3,9469,0.26,no T3
SPOCK2,9806,0.31,no T3
DDIT4,54541,0.55,no T3
P4HA1,5033,0.45,no T3
DNAJC9,23234,-0.14,no T3
SEC24C,9632,-0.13,no T3
FUT11,170384,0.31,no T3
ZSWIM8,23053,-0.09,no T3
VCL,7414,-0.16,no T3
AP3M1,26985,-0.11,no T3
ZNF503-AS2,100131213,0.26,no T3
DLG5,9231,-0.1,no T3
POLR3A,11128,-0.13,no T3
GRID1,2894,-0.21,no T3
WAPL,23063,-0.11,no T3
SNCG,6623,0.35,no T3
ADIRF-AS1,0,0.37,no T3
NUTM2A,728118,-0.26,no T3
ACTA2,59,0.39,no T3
PPP1R3C,5507,0.2,no T3
FGFBP3,143282,0.33,no T3
PLCE1,51196,0.25,no T3
ALDH18A1,5832,-0.1,no T3
TCTN3,26123,-0.13,no T3
CCNJ,54619,-0.15,no T3
TLL2,0,-0.22,no T3
SLIT1,6585,0.14,no T3
RRP12,23223,-0.22,no T3
PGAM1,5223,0.26,no T3
MMS19,64210,-0.12,no T3
PI4K2A,55361,-0.17,no T3
ZFYVE27,118813,-0.09,no T3
LOXL4,84171,0.28,no T3
CNNM1,26507,0.29,no T3
CHUK,1147,-0.19,no T3
SEC31B,0,-0.13,no T3
TWNK,56652,-0.2,no T3
TLX1,3195,0.33,no T3
BTRC,8945,-0.14,no T3
OGA,10724,-0.11,no T3
PPRC1,23082,-0.17,no T3
NOLC1,9221,-0.15,no T3
GBF1,8729,-0.18,no T3
PSD,5662,0.3,no T3
RPARP-AS1,100505761,0.21,no T3
SFXN2,118980,0.16,no T3
BORCS7,119032,0.22,no T3
NT5C2,22978,-0.14,no T3
PDCD11,22984,-0.17,no T3
MXI1,4601,0.19,no T3
SMC3,9126,-0.13,no T3
ADRA2A,150,-0.23,no T3
GPAM,57678,-0.13,no T3
ZDHHC6,64429,-0.13,no T3
TCF7L2,6934,0.16,no T3
GFRA1,2674,0.22,no T3
EIF3A,8661,-0.11,no T3
FGFR2,2263,0.33,no T3
CHST15,51363,0.36,no T3
OAT,4942,-0.12,no T3
NKX1-2,0,0.31,no T3
LHPP,64077,0.25,no T3
EDRF1,26098,-0.12,no T3
BCCIP,56647,-0.12,no T3
MKI67,4288,-0.12,no T3
MGMT,4255,0.17,no T3
BNIP3,664,0.94,no T3
KNDC1,85442,0.27,no T3
ADAM8,101,-0.25,no T3
FUOM,282969,0.5,no T3
PAOX,196743,0.26,no T3
RIC8A,60626,-0.2,no T3
IFITM3,10410,-0.28,no T3
SIGIRR,59307,0.29,no T3
RNH1,6050,-0.1,no T3
HRAS,3265,-0.16,no T3
MIR210HG,100506211,0.73,no T3
SLC25A22,79751,-0.14,no T3
CRACR2B,283229,0.29,no T3
CD151,977,0.2,no T3
POLR2L,0,-0.23,no T3
AP006623.1,0,-0.28,no T3
TH,7054,0.77,no T3
TSSC4,10078,-0.16,no T3
SLC22A18,5002,0.3,no T3
TSSC2,0,0.34,no T3
OR51E2,81285,0.31,no T3
TRIM6,117854,0.31,no T3
TRIM5,85363,0.3,no T3
FAM160A2,84067,-0.14,no T3
TIMM10B,26515,-0.15,no T3
DNHD1,144132,0.21,no T3
TAF10,0,-0.28,no T3
DCHS1,0,-0.17,no T3
TUB,7275,0.16,no T3
RIC3,79608,0.23,no T3
LMO1,4004,0.26,no T3
TRIM66,9866,0.19,no T3
CTR9,0,-0.2,no T3
EIF4G2,1982,-0.17,no T3
USP47,55031,-0.16,no T3
DKK3,27122,0.27,no T3
LINC00958,100506305,0.34,no T3
AC084859.1,0,0.39,no T3
RASSF10,644943,0.84,no T3
COPB1,1315,-0.1,no T3
SOX6,55553,-0.23,no T3
LDHA,3939,0.17,no T3
TMEM86A,144110,-0.39,no T3
AC103974.1,0,-0.33,no T3
DBX1,120237,0.24,no T3
LGR4,55366,0.36,no T3
KCNA4,0,0.53,no T3
ELP4,26610,0.15,no T3
PAX6,5080,0.73,no T3
PAUPAR,440034,0.35,no T3
TRIM44,54765,-0.07,no T3
LRRC4C,57689,0.18,no T3
MIR670HG,100507261,0.28,no T3
HSD17B12,51144,0.2,no T3
EXT2,2132,-0.13,no T3
TSPAN18,90139,0.47,no T3
TP53I11,9537,0.26,no T3
SYT13,57586,0.15,no T3
CHST1,8534,0.18,no T3
DGKZ,8525,-0.15,no T3
MDK,4192,0.29,no T3
AMBRA1,55626,-0.12,no T3
ARHGAP1,392,-0.17,no T3
LRP4,4038,-0.18,no T3
PACSIN3,29763,0.28,no T3
DDB2,1643,0.26,no T3
SLC39A13,91252,-0.14,no T3
KBTBD4,55709,-0.14,no T3
NUP160,23279,-0.17,no T3
APLNR,187,-0.26,no T3
SSRP1,6749,-0.13,no T3
P2RX3,5024,0.96,no T3
SERPING1,710,-0.17,no T3
ZDHHC5,25921,-0.12,no T3
FAM111B,374393,-0.17,no T3
FAM111A,63901,0.15,no T3
PATL1,0,-0.12,no T3
CCDC86,0,-0.19,no T3
VWCE,220001,0.45,no T3
CPSF7,79869,-0.09,no T3
LRRC10B,0,0.25,no T3
SYT7,9066,0.25,no T3
MYRF,745,0.86,no T3
FEN1,2237,-0.2,no T3
FADS1,3992,0.15,no T3
EML3,256364,0.28,no T3
INTS5,80789,-0.14,no T3
GNG3,2785,0.21,no T3
NXF1,10482,-0.3,no T3
SLC3A2,6520,0.11,no T3
PLA2G16,11145,0.32,no T3
C11orf95,65998,-0.11,no T3
MARK2,2011,-0.19,no T3
RCOR2,283248,0.11,no T3
MACROD1,28992,0.36,no T3
STIP1,10963,-0.13,no T3
TRPT1,83707,0.18,no T3
VEGFB,7423,0.26,no T3
PPP1R14B,0,-0.14,no T3
GPR137,56834,-0.29,no T3
MEN1,4221,-0.12,no T3
ATG2A,23130,-0.24,no T3
CDCA5,113130,-0.12,no T3
VPS51,0,0.2,no T3
AP003068.4,0,-0.33,no T3
SYVN1,84447,-0.17,no T3
SCYL1,57410,-0.14,no T3
EHBP1L1,254102,-0.23,no T3
PCNX3,399909,-0.24,no T3
SIPA1,6494,0.25,no T3
RELA,5970,-0.13,no T3
EFEMP2,0,0.93,no T3
TSGA10IP,254187,0.6,no T3
SART1,9092,-0.12,no T3
GAL3ST3,0,0.25,no T3
BRMS1,25855,-0.21,no T3
SLC29A2,3177,0.34,no T3
RBM4B,83759,-0.15,no T3
PITPNM1,9600,0.16,no T3
CDK2AP2,10263,-0.2,no T3
DOC2GP,0,0.24,no T3
CHKA,1119,-0.14,no T3
GAL,0,0.34,no T3
TESMIN,9633,0.24,no T3
CCND1,595,0.28,no T3
PPFIA1,8500,-0.14,no T3
DHCR7,1717,-0.23,no T3
PDE2A,5138,0.36,no T3
ARAP1,116985,0.14,no T3
ATG16L2,89849,0.36,no T3
ARHGEF17,9828,0.17,no T3
FAM168A,23201,-0.09,no T3
UCP2,7351,0.63,no T3
C2CD3,26005,-0.13,no T3
AP001992.1,0,-0.26,no T3
ARRB1,408,0.13,no T3
SERPINH1,871,0.17,no T3
FAM181B,0,0.36,no T3
PRCP,5547,0.13,no T3
DLG2,1740,-0.33,no T3
SYTL2,54843,0.83,no T3
EED,8726,-0.15,no T3
ME3,10873,0.44,no T3
PRSS23,11098,0.41,no T3
FZD4,8322,0.22,no T3
NAALAD2,10003,0.23,no T3
CEP295,85459,-0.11,no T3
PANX1,24145,-0.13,no T3
CEP126,57562,0.26,no T3
CFAP300,85016,0.24,no T3
PDGFD,80310,-0.39,no T3
ALKBH8,91801,-0.16,no T3
SIK2,23235,-0.09,no T3
C11orf1,64776,0.18,no T3
DIXDC1,85458,0.41,no T3
ZW10,9183,-0.18,no T3
ZBTB16,7704,0.4,no T3
CADM1,23705,0.12,no T3
ZPR1,8882,-0.15,no T3
FXYD6,53826,0.17,no T3
UBE4A,9354,-0.11,no T3
ARCN1,372,-0.1,no T3
DDX6,1656,-0.13,no T3
HYOU1,10525,-0.17,no T3
ABCG4,64137,0.23,no T3
NLRX1,79671,0.39,no T3
AP002956.1,4162,0.44,no T3
THY1,7070,0.17,no T3
NECTIN1,5818,0.16,no T3
OAF,220323,0.25,no T3
ARHGEF12,23365,-0.12,no T3
GRIK4,2900,0.2,no T3
SORL1,6653,0.21,no T3
MIR100HG,399959,0.22,no T3
HSPA8,3312,-0.38,no T3
VWA5A,4013,0.12,no T3
PKNOX2,63876,0.21,no T3
EI24,9538,-0.13,no T3
CHEK1,1111,-0.15,no T3
CDON,50937,-0.12,no T3
FAM118B,79607,-0.18,no T3
SRPRA,6734,-0.12,no T3
KIRREL3,84623,-0.29,no T3
ARHGAP32,9743,0.1,no T3
SNX19,399979,-0.16,no T3
NCAPD3,23310,-0.2,no T3
VPS26B,112936,-0.22,no T3
ACAD8,27034,-0.16,no T3
AP004608.1,0,0.48,no T3
WNT5B,81029,0.41,no T3
CACNA1C,775,-0.25,no T3
FKBP4,2288,0.22,no T3
PRMT8,56341,0.36,no T3
C12orf4,57102,-0.13,no T3
CD27-AS1,0,0.35,no T3
PIANP,196500,0.15,no T3
MLF2,8079,-0.13,no T3
CD4,920,0.25,no T3
GPR162,27239,0.39,no T3
P3H3,0,0.14,no T3
TPI1,7167,0.13,no T3
ENO2,2026,0.34,no T3
C1RL,51279,0.22,no T3
C1RL-AS1,283314,0.3,no T3
SLC2A3,6515,0.17,no T3
PHC1,1911,-0.15,no T3
AC009533.1,0,0.16,no T3
KLRA1P,0,0.21,no T3
SMIM10L1,100129361,-0.18,no T3
BCL2L14,79370,0.21,no T3
CDKN1B,1027,0.17,no T3
FAM234B,0,0.17,no T3
PTPRO,5800,-0.25,no T3
MGST1,4257,0.53,no T3
LMO3,55885,0.25,no T3
ABCC9,10060,0.45,no T3
IPO8,10526,-0.14,no T3
AC024940.2,0,0.28,no T3
SINHCAF,58516,0.19,no T3
RESF1,55196,-0.13,no T3
CPNE8,144402,0.4,no T3
KIF21A,55605,0.11,no T3
PPHLN1,51535,-0.12,no T3
SLC38A2,54407,-0.12,no T3
SLC48A1,55652,-0.15,no T3
COL2A1,1280,0.57,no T3
PFKM,5213,0.1,no T3
CCDC184,387856,0.22,no T3
DDX23,9416,-0.16,no T3
ARF3,377,-0.11,no T3
PRKAG1,5571,-0.2,no T3
LMBR1L,55716,-0.17,no T3
TUBA1C,84790,0.61,no T3
C1QL4,338761,0.32,no T3
FMNL3,91010,-0.11,no T3
FAIM2,23017,0.28,no T3
CSRNP2,81566,-0.18,no T3
TFCP2,7024,-0.09,no T3
SLC4A8,9498,-0.1,no T3
SCN8A,6334,-0.14,no T3
ACVR1B,91,0.11,no T3
ATG101,60673,-0.18,no T3
EIF4B,1975,0.12,no T3
AC068888.1,283335,0.24,no T3
MFSD5,84975,-0.24,no T3
MAP3K12,7786,-0.13,no T3
ATP5MC2,517,0.13,no T3
CBX5,23468,0.12,no T3
ZNF385A,25946,0.28,no T3
ITGA5,3678,0.43,no T3
PPP1R1A,5502,0.22,no T3
ITGA7,3679,0.26,no T3
PMEL,6490,0.85,no T3
CDK2,1017,-0.11,no T3
IKZF4,64375,0.14,no T3
RPS26,0,-0.14,no T3
SMARCC2,6601,-0.08,no T3
ANKRD52,283373,-0.26,no T3
RBMS2,5939,0.2,no T3
NAB2,4665,0.14,no T3
STAT6,6778,0.65,no T3
SHMT2,6472,0.36,no T3
NDUFA4L2,56901,0.21,no T3
INHBE,83729,0.36,no T3
DDIT3,1649,0.28,no T3
KIF5A,3798,-0.1,no T3
B4GALNT1,2583,-0.2,no T3
CYP27B1,1594,-0.35,no T3
RXYLT1,10329,-0.16,no T3
SRGAP1,57522,0.1,no T3
XPOT,11260,0.12,no T3
HMGA2,8091,0.2,no T3
CCT2,10576,-0.14,no T3
LGR5,8549,0.7,no T3
ATXN7L3B,552889,-0.12,no T3
PHLDA1,22822,0.26,no T3
LIN7A,8825,0.33,no T3
ACSS3,79611,0.44,no T3
LINC01619,256021,0.23,no T3
BTG1,694,0.23,no T3
AC025164.1,0,0.33,no T3
FGD6,0,-0.16,no T3
LTA4H,4048,0.13,no T3
RMST,196475,0.19,no T3
UHRF1BP1L,23074,-0.15,no T3
UTP20,0,-0.26,no T3
GNPTAB,79158,-0.11,no T3
ASCL1,0,0.27,no T3
HSP90B1,7184,-0.14,no T3
TDG,6996,-0.13,no T3
ALDH1L2,160428,0.5,no T3
NUAK1,9891,-0.15,no T3
POLR3B,55703,-0.18,no T3
CRY1,1407,-0.31,no T3
PWP1,0,-0.1,no T3
USP30,84749,-0.12,no T3
UNG,7374,-0.12,no T3
KCTD10,83892,-0.13,no T3
GIT2,9815,-0.1,no T3
ATP2A2,488,-0.14,no T3
FAM216A,29902,0.18,no T3
TCTN1,79600,0.22,no T3
SH2B3,10019,0.25,no T3
TRAFD1,10906,-0.11,no T3
PTPN11,5781,-0.07,no T3
RPH3A,22895,1.04,no T3
OAS1,4938,0.23,no T3
TPCN1,53373,0.2,no T3
SLC8B1,80024,0.28,no T3
SDSL,113675,0.48,no T3
LINC01234,100506465,0.33,no T3
LINC00173,100287569,0.25,no T3
C12orf49,79794,0.13,no T3
TAOK3,51347,-0.13,no T3
PRKAB1,5564,-0.11,no T3
BICDL1,92558,-0.15,no T3
GCN1,0,-0.11,no T3
RPS27P25,0,0.26,no T3
DYNLL1,8655,-0.13,no T3
NRAV,0,0.22,no T3
RNF10,9921,-0.17,no T3
SPPL3,121665,-0.13,no T3
ANAPC5,51433,-0.08,no T3
RNF34,80196,-0.14,no T3
SETD1B,23067,-0.22,no T3
BCL7A,605,-0.13,no T3
AC156455.1,0,0.31,no T3
VPS33A,65082,-0.13,no T3
VPS37B,79720,0.13,no T3
AC137767.1,112268105,0.23,no T3
EIF2B1,1967,-0.13,no T3
ZNF664,144348,-0.11,no T3
SCARB1,949,0.23,no T3
DHX37,57647,-0.21,no T3
TMEM132B,114795,0.29,no T3
LINC00939,400084,0.26,no T3
FZD10,11211,-0.15,no T3
MMP17,4326,0.31,no T3
ULK1,8408,-0.21,no T3
PUS1,80324,-0.16,no T3
GALNT9,50614,0.26,no T3
PGAM5,192111,-0.13,no T3
ANKLE2,23141,-0.11,no T3
SPATA13,221178,0.24,no T3
AMER2,219287,0.22,no T3
ATP8A2,51761,-0.18,no T3
RNF6,6049,-0.17,no T3
GTF3A,2971,-0.15,no T3
GSX1,219409,0.22,no T3
MTUS2,23281,-0.28,no T3
SLC7A1,6541,0.12,no T3
HSPH1,10808,-0.42,no T3
FRY,10129,-0.31,no T3
STARD13,90627,0.3,no T3
MAB21L1,4081,0.24,no T3
PROSER1,80209,-0.14,no T3
SIAH3,283514,0.57,no T3
ZC3H13,23091,-0.15,no T3
CAB39L,81617,-0.26,no T3
WDFY2,115825,0.12,no T3
NEK3,4752,0.16,no T3
CKAP2,26586,-0.12,no T3
PCDH8,5100,-1.09,no T3
PCDH17,0,0.2,no T3
KLHL1,57626,0.54,no T3
DACH1,1602,0.14,no T3
SLAIN1,122060,-0.13,no T3
SPRY2,10253,0.2,no T3
SLITRK6,84189,-0.44,no T3
SLITRK5,26050,0.17,no T3
SOX21,11166,0.15,no T3
HS6ST3,266722,0.34,no T3
FARP1,10160,-0.08,no T3
STK24,8428,-0.12,no T3
ZIC5,85416,-0.26,no T3
ZIC2,7546,-0.25,no T3
EFNB2,1948,-0.16,no T3
FAM155A,728215,-0.19,no T3
MYO16,23026,0.32,no T3
CARS2,79587,-0.1,no T3
ARHGEF7,8874,-0.15,no T3
SOX1-OT,100505996,0.16,no T3
LAMP1,0,-0.12,no T3
GRTP1,79774,0.31,no T3
TFDP1,7027,-0.11,no T3
CHAMP1,283489,-0.16,no T3
CCNB1IP1,57820,0.1,no T3
METTL17,64745,-0.11,no T3
NDRG2,57447,0.3,no T3
LINC00641,283624,-0.16,no T3
SUPT16H,11198,-0.1,no T3
CHD8,57680,-0.12,no T3
MMP14,4323,0.23,no T3
RBM23,55147,-0.13,no T3
PRMT5,10419,-0.15,no T3
HAUS4,54930,0.19,no T3
AJUBA,84962,0.24,no T3
CDH24,64403,-0.26,no T3
ACIN1,22985,-0.06,no T3
C14orf119,55017,-0.13,no T3
PPP1R3E,90673,0.2,no T3
NGDN,25983,-0.13,no T3
AP1G2,8906,-0.28,no T3
DHRS4-AS1,55449,0.29,no T3
PCK2,5106,0.99,no T3
REC8,9985,0.13,no T3
NOP9,161424,-0.16,no T3
LTB4R2,56413,-0.2,no T3
NFATC4,4776,0.48,no T3
NYNRIN,0,0.66,no T3
SDR39U1,56948,-0.14,no T3
BNIP3P1,0,0.59,no T3
PRKD1,5587,-0.21,no T3
HECTD1,25831,-0.14,no T3
ARHGAP5,394,0.18,no T3
NPAS3,64067,-0.11,no T3
EGLN3,112399,0.4,no T3
BAZ1A,11177,-0.13,no T3
PNN,0,-0.19,no T3
NEMF,9147,-0.11,no T3
DMAC2L,27109,0.14,no T3
TMX1,0,0.15,no T3
GNG2,54331,0.2,no T3
RTRAF,51637,-0.12,no T3
FERMT2,10979,-0.13,no T3
CNIH1,10175,0.16,no T3
KTN1,3895,-0.11,no T3
DHRS7,51635,-0.15,no T3
ATP6V1D,51382,-0.13,no T3
EIF2S1,1965,-0.11,no T3
TMEM229B,161145,0.56,no T3
PLEKHH1,57475,0.16,no T3
PIGH,5283,-0.16,no T3
ZFYVE26,23503,-0.14,no T3
ZFP36L1,677,0.17,no T3
SLC39A9,55334,-0.13,no T3
SMOC1,64093,0.68,no T3
TTC9,0,-0.17,no T3
SIPA1L1,26037,-0.45,no T3
PTGR2,145482,0.23,no T3
FAM161B,0,-0.17,no T3
LIN52,91750,-0.14,no T3
YLPM1,56252,-0.14,no T3
JDP2,122953,0.25,no T3
FLVCR2,55640,-0.54,no T3
TTLL5,23093,-0.12,no T3
VASH1,0,-0.16,no T3
TMEM63C,0,0.24,no T3
AHSA1,10598,-0.19,no T3
SNW1,22938,-0.1,no T3
NRXN3,9369,0.29,no T3
GALC,2581,0.2,no T3
AL162171.1,11099,-0.13,no T3
CCDC88C,440193,-0.17,no T3
FBLN5,10516,-0.22,no T3
LGMN,5641,0.19,no T3
UBR7,0,-0.15,no T3
UNC79,57578,-0.2,no T3
PRIMA1,0,0.28,no T3
FAM181A,90050,0.26,no T3
OTUB2,78990,0.21,no T3
IFI27L2,0,0.34,no T3
DICER1-AS1,400242,0.26,no T3
CLMN,0,0.31,no T3
TUNAR,0,0.18,no T3
RPL3P4,0,0.19,no T3
EML1,2009,-0.14,no T3
SLC25A29,123096,0.11,no T3
WARS,7453,-0.12,no T3
DLK1,8788,0.16,no T3
DIO3OS,64150,0.38,no T3
HSP90AA1,3320,-0.21,no T3
TECPR2,9895,-0.12,no T3
TRAF3,7187,-0.12,no T3
CDC42BPB,9578,-0.11,no T3
EIF5,1983,-0.09,no T3
PPP1R13B,23368,-0.21,no T3
TMEM179,388021,-0.14,no T3
INF2,64423,0.49,no T3
ADSSL1,122622,0.32,no T3
AHNAK2,113146,0.69,no T3
NUDT14,256281,0.24,no T3
NIPA2,81614,-0.18,no T3
GABRG3,2567,0.44,no T3
TJP1,7082,-0.09,no T3
RYR3,6263,0.21,no T3
EMC4,51234,-0.12,no T3
AQR,9716,-0.12,no T3
SPRED1,161742,0.22,no T3
THBS1,7057,0.74,no T3
BMF,90427,0.35,no T3
RPUSD2,27079,-0.19,no T3
RMDN3,55177,-0.15,no T3
VPS18,0,-0.17,no T3
CHAC1,79094,0.58,no T3
INO80,54617,-0.12,no T3
CHP1,11261,0.14,no T3
RTF1,23168,-0.09,no T3
MAPKBP1,23005,-0.12,no T3
EHD4,30844,-0.24,no T3
VPS39,23339,-0.12,no T3
GANC,2595,0.2,no T3
ZSCAN29,146050,-0.09,no T3
PDIA3,2923,-0.12,no T3
MFAP1,0,-0.16,no T3
TRIM69,140691,-0.19,no T3
SHF,90525,0.14,no T3
FBN1,2200,-0.14,no T3
GLDN,342035,0.29,no T3
SCG3,29106,-0.16,no T3
ONECUT1,3175,0.4,no T3
PRTG,283659,0.64,no T3
NEDD4,4734,0.19,no T3
FOXB1,0,0.4,no T3
ANXA2,302,0.65,no T3
TLN2,83660,-0.16,no T3
OAZ2,4947,0.12,no T3
RBPMS2,0,0.28,no T3
ANKDD1A,348094,0.24,no T3
PARP16,54956,-0.16,no T3
IGDCC3,9543,0.45,no T3
LCTL,197021,0.4,no T3
SMAD6,4091,-0.28,no T3
AAGAB,79719,-0.15,no T3
CORO2B,10391,-0.25,no T3
PARP6,56965,-0.17,no T3
HCN4,10021,-0.14,no T3
INSYN1,388135,0.21,no T3
INSYN1-AS1,0,0.24,no T3
LOXL1-AS1,100287616,0.43,no T3
AC010931.2,283731,0.25,no T3
STRA6,64220,0.3,no T3
EDC3,80153,-0.12,no T3
SCAMP2,10066,-0.12,no T3
MPI,4351,0.24,no T3
NEIL1,79661,0.38,no T3
CSPG4,1464,0.26,no T3
DNM1P35,0,0.24,no T3
HMG20A,10363,-0.1,no T3
TBC1D2B,23102,-0.14,no T3
CIB2,10518,0.21,no T3
CRABP1,1381,0.63,no T3
CHRNA3,1136,-0.29,no T3
CHRNB4,1143,-0.24,no T3
CTSH,1512,0.27,no T3
FAH,2184,0.18,no T3
ABHD17C,0,-0.21,no T3
MEX3B,84206,-0.11,no T3
AP3B2,0,-0.1,no T3
SEC11A,23478,0.11,no T3
ZNF592,9640,-0.11,no T3
AC021739.2,0,-0.22,no T3
KLHL25,64410,-0.15,no T3
MRPS11,64963,-0.19,no T3
ABHD2,11057,-0.18,no T3
POLG,5428,-0.15,no T3
MIR9-3HG,254559,-0.23,no T3
KIF7,374654,-0.15,no T3
ARPIN,348110,0.16,no T3
ZNF710,0,0.22,no T3
ZNF710-AS1,0,0.2,no T3
CRTC3,64784,-0.12,no T3
MAN2A2,4122,-0.08,no T3
RCCD1,91433,0.29,no T3
ST8SIA2,8128,-0.24,no T3
LINC01578,0,0.25,no T3
RGMA,56963,0.25,no T3
AC024337.2,0,0.31,no T3
NR2F2-AS1,0,0.63,no T3
NR2F2,7026,0.45,no T3
SYNM,23336,-0.37,no T3
RHBDF1,64285,0.23,no T3
AXIN1,8312,-0.16,no T3
NME4,4833,0.22,no T3
RAB11FIP3,9727,-0.12,no T3
CAPN15,6650,-0.23,no T3
WDR90,0,-0.17,no T3
RHOT2,89941,-0.09,no T3
RHBDL1,9028,-0.3,no T3
RPUSD1,113000,-0.19,no T3
CACNA1H,8912,0.27,no T3
BAIAP3,8938,0.53,no T3
CLCN7,1186,-0.15,no T3
JPT2,0,0.16,no T3
NME3,4832,0.35,no T3
SYNGR3,0,0.33,no T3
ZNF598,90850,-0.21,no T3
RAB26,25837,0.25,no T3
E4F1,1877,-0.15,no T3
RNPS1,10921,-0.1,no T3
ABCA3,21,-0.16,no T3
TBC1D24,57465,-0.15,no T3
AMDHD2,51005,-0.14,no T3
PDPK1,5170,-0.12,no T3
SRRM2-AS1,100128788,0.25,no T3
PAQR4,124222,-0.15,no T3
HCFC1R1,54985,0.21,no T3
ZNF200,7752,-0.15,no T3
ZSCAN32,54925,-0.16,no T3
CREBBP,1387,-0.17,no T3
SRL,6345,0.51,no T3
NMRAL1,57407,0.25,no T3
C16orf96,0,0.31,no T3
GLYR1,84656,-0.1,no T3
UBN1,29855,-0.15,no T3
SEC14L5,9717,0.34,no T3
RBFOX1,54715,0.26,no T3
USP7,7874,-0.07,no T3
TVP23A,780776,0.29,no T3
AC099489.1,400499,0.23,no T3
LITAF,9516,0.43,no T3
SNN,8303,-0.11,no T3
SNX29,92017,-0.25,no T3
PDXDC1,23042,-0.18,no T3
NTAN1,123803,0.28,no T3
MARF1,9665,-0.09,no T3
XYLT1,64131,0.11,no T3
GDE1,51573,-0.12,no T3
LYRM1,57149,0.16,no T3
TMEM159,57146,0.27,no T3
EEF2K,29904,0.16,no T3
POLR3E,55718,-0.12,no T3
UBFD1,56061,-0.17,no T3
TNRC6A,27327,-0.09,no T3
C16orf82,162083,0.3,no T3
GTF3C1,2975,-0.14,no T3
AC138904.1,0,0.27,no T3
QPRT,23475,0.38,no T3
PRRT2,112476,0.13,no T3
TAOK2,9344,-0.13,no T3
INO80E,283899,-0.11,no T3
FAM57B,83723,0.18,no T3
YPEL3,83719,0.16,no T3
MAPK3,5595,0.16,no T3
CD2BP2,10421,-0.17,no T3
TBC1D10B,0,-0.14,no T3
ZNF48,197407,-0.17,no T3
ZNF747,65988,0.23,no T3
RNF40,9810,-0.18,no T3
CTF1,1489,0.24,no T3
AC135048.4,0,-0.24,no T3
STX1B,112755,0.13,no T3
ZNF646,9726,-0.13,no T3
BCKDK,10295,0.21,no T3
FUS,2521,-0.18,no T3
ARMC5,79798,-0.18,no T3
GPT2,84706,0.1,no T3
NETO2,81831,-0.18,no T3
LONP2,83752,-0.08,no T3
AC007614.1,0,0.39,no T3
ADCY7,113,0.4,no T3
BRD7,29117,-0.14,no T3
NKD1,85407,-0.42,no T3
SALL1,6299,0.44,no T3
RBL2,5934,-0.1,no T3
RPGRIP1L,23322,-0.13,no T3
IRX3,79191,0.24,no T3
MT2A,0,-0.22,no T3
NLRC5,84166,-0.42,no T3
CPNE2,221184,0.15,no T3
RSPRY1,89970,-0.15,no T3
ARL2BP,0,-0.12,no T3
KATNB1,0,-0.12,no T3
USB1,79650,-0.12,no T3
SETD6,79918,-0.15,no T3
CNOT1,23019,-0.11,no T3
DYNC1LI2,1783,-0.15,no T3
CES3,23491,0.23,no T3
E2F4,0,-0.13,no T3
PLEKHG4,25894,0.22,no T3
TPPP3,51673,0.55,no T3
ATP6V0D1,9114,-0.18,no T3
CTCF,10664,-0.13,no T3
CENPT,80152,-0.15,no T3
LCAT,3931,0.22,no T3
SLC12A4,6560,0.26,no T3
HAS3,3038,-0.32,no T3
UTP4,84916,-0.13,no T3
VPS4A,27183,-0.11,no T3
NQO1,1728,0.27,no T3
WWP2,11060,-0.11,no T3
CLEC18A,348174,0.33,no T3
CLEC18C,283971,0.36,no T3
AARS,16,0.18,no T3
SF3B3,0,-0.11,no T3
CMTR2,55783,-0.15,no T3
PHLPP2,23035,-0.25,no T3
AP1G1,164,-0.15,no T3
DHX38,9785,-0.12,no T3
LINC01572,101927957,0.19,no T3
PSMD7,0,-0.11,no T3
CLEC18B,497190,0.25,no T3
ZNRF1,84937,-0.23,no T3
MON1B,22879,-0.13,no T3
SYCE1L,100130958,0.37,no T3
NUDT7,283927,0.22,no T3
VAT1L,0,0.14,no T3
MAF,4094,0.44,no T3
CENPN,55839,-0.17,no T3
ATMIN,23300,-0.14,no T3
COTL1,23406,0.19,no T3
ZDHHC7,55625,-0.13,no T3
GSE1,23199,0.1,no T3
MAP1LC3B,81631,-0.12,no T3
ZCCHC14,23174,-0.13,no T3
SLC7A5,8140,0.44,no T3
ZC3H18,124245,-0.15,no T3
CYBA,1535,0.48,no T3
MVD,4597,-0.14,no T3
ZNF778,197320,-0.25,no T3
SPATA33,124045,-0.21,no T3
SPIRE2,0,0.14,no T3
MC1R,4157,-0.22,no T3
DEF8,54849,-0.11,no T3
DBNDD1,79007,0.39,no T3
NXN,64359,0.12,no T3
TIMM22,29928,-0.17,no T3
CRK,1398,-0.13,no T3
MYO1C,4641,0.25,no T3
INPP5K,51763,-0.19,no T3
PITPNA,5306,-0.15,no T3
PRPF8,10594,-0.13,no T3
SERPINF1,5176,0.42,no T3
CLUH,23277,-0.19,no T3
TRPV3,162514,0.28,no T3
ATP2A3,489,0.51,no T3
ZZEF1,23140,-0.15,no T3
ANKFY1,51479,-0.1,no T3
AC118754.1,124976,0.18,no T3
MYBBP1A,10514,-0.17,no T3
ENO3,2027,0.23,no T3
AC004771.2,0,0.25,no T3
KIF1C,10749,-0.19,no T3
ZFP3,0,-0.15,no T3
RABEP1,9135,-0.11,no T3
DHX33,56919,-0.13,no T3
PITPNM3,83394,0.29,no T3
TXNDC17,84817,-0.2,no T3
BCL6B,255877,0.29,no T3
ASGR1,432,0.16,no T3
DLG4,1742,0.24,no T3
ELP5,23587,-0.18,no T3
GPS2,0,-0.2,no T3
NEURL4,84461,-0.11,no T3
TMEM256,254863,0.24,no T3
NLGN2,57555,0.16,no T3
FGF11,2256,0.35,no T3
SENP3,26168,-0.14,no T3
FXR2,9513,-0.14,no T3
TP53,7157,0.22,no T3
EFNB3,0,0.17,no T3
CYB5D1,124637,-0.22,no T3
CHD3,1107,0.14,no T3
NDEL1,81565,-0.15,no T3
MYH10,4628,-0.08,no T3
NTN1,9423,0.36,no T3
USP43,124739,-0.19,no T3
GAS7,8522,-0.76,no T3
HS3ST3A1,0,0.15,no T3
HS3ST3B1,0,0.23,no T3
AC005224.4,0,0.21,no T3
AC005863.1,0,0.21,no T3
COPS3,8533,-0.13,no T3
NT5M,56953,0.22,no T3
RASD1,51655,0.35,no T3
TOP3A,7156,-0.14,no T3
SMCR8,0,-0.21,no T3
MEIS3P2,0,0.25,no T3
CCDC144NL-AS1,440416,0.13,no T3
USP22,23326,-0.14,no T3
C17orf51,0,-0.29,no T3
WSB1,26118,0.33,no T3
KSR1,8844,0.11,no T3
TNFAIP1,7126,-0.13,no T3
TMEM199,147007,-0.15,no T3
SARM1,23098,-0.19,no T3
ALDOC,230,0.39,no T3
SPAG5,10615,-0.12,no T3
KIAA0100,9703,-0.07,no T3
SUPT6H,6830,-0.13,no T3
PROCA1,147011,0.28,no T3
RAB34,83871,0.28,no T3
TRAF4,9618,-0.18,no T3
FLOT2,2319,-0.15,no T3
SEZ6,124925,-0.26,no T3
GIT1,28964,-0.11,no T3
COPRS,55352,-0.15,no T3
UTP6,55813,-0.14,no T3
RHBDL3,162494,0.75,no T3
PSMD11,5717,-0.1,no T3
CDK5R1,8851,-0.12,no T3
SLFN11,91607,0.24,no T3
SLFN13,146857,0.24,no T3
AP2B1,163,-0.08,no T3
RDM1,201299,0.33,no T3
LHX1-DT,102723471,0.27,no T3
LHX1,3975,0.2,no T3
AATF,26574,-0.17,no T3
ARHGAP23,57636,0.2,no T3
SRCIN1,80725,0.21,no T3
PIP4K2B,8396,-0.08,no T3
MED1,5469,-0.12,no T3
CDK12,51755,-0.17,no T3
ERBB2,2064,0.19,no T3
GSDMB,55876,0.14,no T3
RARA,5914,0.24,no T3
EIF1,10209,-0.1,no T3
FKBP10,60681,0.11,no T3
ACLY,47,-0.09,no T3
ZNF385C,201181,0.22,no T3
KCNH4,23415,0.33,no T3
STAT3,6774,-0.16,no T3
NAGLU,4669,0.21,no T3
PSMC3IP,29893,-0.16,no T3
VPS25,84313,-0.14,no T3
BECN1,8678,-0.16,no T3
PSME3,10197,-0.19,no T3
RND2,8153,0.34,no T3
AC060780.1,0,0.18,no T3
ARL4D,379,0.26,no T3
DHX8,1659,-0.13,no T3
MPP2,4355,0.12,no T3
ASB16-AS1,339201,-0.15,no T3
UBTF,7343,-0.22,no T3
DBF4B,80174,0.19,no T3
ACBD4,79777,0.25,no T3
KPNB1,3837,-0.1,no T3
SCRN2,90507,0.22,no T3
PNPO,55163,0.34,no T3
COPZ2,51226,0.26,no T3
TTLL6,284076,0.26,no T3
KAT7,11143,0.13,no T3
LRRC59,55379,-0.17,no T3
ACSF2,80221,0.44,no T3
RSAD1,55316,-0.22,no T3
SPATA20,64847,0.22,no T3
CACNA1G,8913,0.42,no T3
UTP18,51096,-0.15,no T3
MMD,23531,0.17,no T3
NOG,9241,0.37,no T3
MSI2,124540,0.2,no T3
DYNLL2,140735,-0.2,no T3
AC015813.6,0,-0.18,no T3
MTMR4,9110,-0.09,no T3
TRIM37,4591,-0.15,no T3
DHX40,79665,-0.1,no T3
VMP1,81671,-0.12,no T3
CYB561,1534,0.19,no T3
MAP3K3,4215,-0.15,no T3
DDX42,11325,-0.07,no T3
FTSJ3,0,-0.17,no T3
DDX5,1655,-0.17,no T3
PLEKHM1P1,0,-0.23,no T3
RGS9,8787,0.35,no T3
AXIN2,8313,-0.2,no T3
PRKCA,5578,-0.09,no T3
CACNG4,0,-0.22,no T3
PSMD12,5718,-0.15,no T3
AC005332.5,0,-0.24,no T3
SDK2,54549,0.2,no T3
TTYH2,94015,0.36,no T3
GPRC5C,55890,0.38,no T3
TMEM104,54868,-0.24,no T3
JPT1,51155,-0.09,no T3
CASKIN2,57513,-0.13,no T3
MYO15B,80022,0.41,no T3
SAP30BP,29115,-0.12,no T3
GALK1,2584,0.34,no T3
H3F3B,3021,-0.07,no T3
UNK,85451,0.11,no T3
TRIM65,201292,0.15,no T3
EXOC7,23265,-0.11,no T3
FOXJ1,2302,0.2,no T3
RNF157,114804,0.15,no T3
PRPSAP1,5635,0.13,no T3
SPHK1,8877,1.08,no T3
MXRA7,439921,0.27,no T3
JMJD6,23210,-0.14,no T3
SRSF2,6427,-0.15,no T3
SEC14L1,6397,-0.09,no T3
Sep-09,10801,0.13,no T3
AFMID,125061,0.2,no T3
LINC01993,100996291,-0.33,no T3
SOCS3,9021,-0.49,no T3
USP36,57602,-0.1,no T3
TIMP2,7077,0.1,no T3
LGALS3BP,3959,-0.17,no T3
CANT1,124583,-0.17,no T3
C1QTNF1,114897,-0.53,no T3
RBFOX3,146713,0.26,no T3
CBX2,84733,-0.19,no T3
TBC1D16,125058,-0.11,no T3
GAA,2548,0.25,no T3
EIF4A3,9775,-0.12,no T3
AC124319.1,57674,0.2,no T3
AC127496.5,0,0.25,no T3
BAIAP2-DT,440465,0.15,no T3
AATK,9625,0.34,no T3
TEPSIN,146705,-0.14,no T3
AC110285.2,0,-0.18,no T3
CCDC137,339230,-0.2,no T3
ARHGDIA,396,-0.13,no T3
SIRT7,51547,-0.17,no T3
PYCR1,5831,0.31,no T3
CENPX,201254,-0.21,no T3
LRRC45,201255,-0.25,no T3
SLC16A3,9123,0.89,no T3
CSNK1D,1453,-0.15,no T3
CYBC1,79415,-0.13,no T3
AC132938.5,0,0.25,no T3
ENOSF1,55556,0.2,no T3
EPB41L3,23136,-0.38,no T3
LAMA1,284217,0.2,no T3
MTCL1,23255,0.13,no T3
PPP4R1,9989,-0.12,no T3
RAB31,11031,0.26,no T3
AFG3L2,10939,-0.13,no T3
PRELID3A,10650,0.27,no T3
GREB1L,80000,0.17,no T3
ABHD3,171586,0.24,no T3
CABLES1,91768,-0.2,no T3
RMC1,29919,-0.29,no T3
OSBPL1A,114876,0.13,no T3
DSC2,1824,0.36,no T3
DTNA,1837,-0.19,no T3
ZNF397,84307,-0.13,no T3
ZSCAN30,100101467,0.17,no T3
ZNF271P,10778,-0.15,no T3
CELF4,56853,0.13,no T3
AC021504.1,641516,0.21,no T3
SYT4,0,0.17,no T3
SETBP1,26040,-0.09,no T3
CTIF,9811,-0.12,no T3
LIPG,9388,0.42,no T3
MYO5B,4645,0.31,no T3
MBD1,4152,-0.13,no T3
CXXC1,30827,-0.22,no T3
MAPK4,5596,-0.2,no T3
ELAC1,55520,-0.18,no T3
WDR7,23335,-0.16,no T3
NEDD4L,23327,-0.1,no T3
ALPK2,115701,0.32,no T3
TMX3,54495,0.2,no T3
CBLN2,147381,-0.31,no T3
NETO1,81832,0.24,no T3
AC091138.1,100505797,0.35,no T3
ZNF516,9658,0.25,no T3
NFATC1,4772,0.27,no T3
ADNP2,22850,-0.11,no T3
PALM,5064,0.11,no T3
ARID3A,1820,0.29,no T3
CNN2,1265,0.25,no T3
ARHGAP45,23526,0.37,no T3
SBNO2,22904,-0.3,no T3
MIDN,90007,-0.13,no T3
C19orf24,0,-0.36,no T3
GAMT,2593,0.34,no T3
APC2,10297,-0.19,no T3
PCSK4,54760,0.31,no T3
PLK5,126520,-0.26,no T3
MKNK2,2872,-0.14,no T3
AP3D1,8943,-0.1,no T3
SF3A2,0,-0.14,no T3
AMH,268,-0.5,no T3
LINGO3,0,0.32,no T3
SPPL2B,56928,0.12,no T3
GNG7,2788,0.24,no T3
AC006538.1,0,-0.25,no T3
GNA11,2767,-0.17,no T3
PIP5K1C,23396,-0.16,no T3
ZFR2,23217,0.31,no T3
ATCAY,0,-0.17,no T3
MPND,84954,0.24,no T3
CHAF1A,10036,-0.15,no T3
PLIN5,440503,0.32,no T3
SEMA6B,10501,0.3,no T3
DPP9,91039,-0.15,no T3
PLIN3,10226,0.15,no T3
KDM4B,23030,0.13,no T3
SAFB2,9667,-0.16,no T3
HSD11B1L,374875,0.18,no T3
TUBB4A,10382,0.17,no T3
CAMSAP3,57662,-0.13,no T3
EVI5L,115704,-0.12,no T3
CERS4,79603,0.2,no T3
RAB11B,9230,-0.11,no T3
HNRNPM,4670,-0.17,no T3
ZNF317,57693,-0.18,no T3
PPAN,56342,-0.27,no T3
P2RY11,0,-0.35,no T3
DNMT1,1786,-0.1,no T3
S1PR2,9294,0.21,no T3
RAVER1,0,-0.21,no T3
AC011529.1,5141,0.33,no T3
KRI1,65095,-0.11,no T3
SLC44A2,57153,0.24,no T3
ILF3-DT,147727,0.19,no T3
ILF3,3609,-0.06,no T3
QTRT1,81890,-0.17,no T3
LDLR,3949,0.12,no T3
DOCK6,57572,0.47,no T3
CCDC159,126075,0.23,no T3
ELOF1,84337,-0.13,no T3
AC010422.8,0,-0.36,no T3
MAST1,22983,-0.15,no T3
CALR,811,-0.15,no T3
TRMT1,55621,-0.16,no T3
NACC1,112939,-0.12,no T3
IER2,0,0.26,no T3
IL27RA,9466,0.25,no T3
DDX39A,10212,-0.16,no T3
DNAJB1,3337,-0.27,no T3
WIZ,58525,-0.12,no T3
CHERP,0,-0.11,no T3
CPAMD8,27151,0.36,no T3
MVB12A,93343,0.17,no T3
AC010618.1,25796,0.15,no T3
MAP1S,55201,-0.18,no T3
KCNN1,3780,0.31,no T3
ARRDC2,27106,0.29,no T3
GDF15,9518,0.32,no T3
ISYNA1,51477,0.42,no T3
FKBP8,23770,0.16,no T3
UPF1,5976,-0.12,no T3
HOMER3-AS1,0,0.32,no T3
NR2C2AP,126382,-0.29,no T3
AC004475.1,57794,-0.12,no T3
PBX4,80714,0.21,no T3
LPAR2,9170,0.15,no T3
ATP13A1,0,-0.14,no T3
LINC00664,400680,0.24,no T3
AC139769.1,0,0.2,no T3
UQCRFS1,7386,-0.1,no T3
POP4,10775,-0.19,no T3
ZNF536,9745,0.21,no T3
CEP89,84902,-0.13,no T3
CHST8,64377,0.37,no T3
KIAA0355,9710,0.13,no T3
GPI,2821,0.12,no T3
LGI4,163175,0.5,no T3
KMT2B,9757,-0.14,no T3
ARHGAP33,115703,-0.15,no T3
ZNF146,7705,-0.13,no T3
ZNF382,84911,0.18,no T3
RYR1,6261,0.51,no T3
FBXO17,115290,0.28,no T3
PAF1,54623,-0.16,no T3
SUPT5H,6829,-0.18,no T3
PSMC4,5704,-0.12,no T3
BLVRB,645,0.22,no T3
LTBP4,8425,0.35,no T3
AXL,558,0.59,no T3
CCDC97,90324,-0.15,no T3
GRIK5,2901,0.2,no T3
POU2F2,5452,0.19,no T3
CIC,23152,-0.2,no T3
PINLYP,390940,0.24,no T3
ZNF45,7596,-0.16,no T3
AC021092.1,0,-0.14,no T3
ZNF227,7770,-0.16,no T3
PVR,5817,-0.12,no T3
BCAM,4059,0.2,no T3
NECTIN2,5819,0.29,no T3
CLPTM1,0,-0.19,no T3
EML2,24139,0.25,no T3
AC007191.1,0,0.21,no T3
DMPK,1760,-0.21,no T3
NOVA2,4858,-0.11,no T3
PNMA8B,57469,0.19,no T3
FKRP,79147,-0.14,no T3
SLC1A5,6510,0.18,no T3
BBC3,27113,0.18,no T3
INAFM1,255783,0.22,no T3
NAPA,8775,-0.15,no T3
NOP53,0,0.14,no T3
GRIN2D,2906,0.33,no T3
CYTH2,9266,-0.22,no T3
BCAT2,587,0.16,no T3
HSD17B14,51171,0.27,no T3
PLEKHA4,57664,0.52,no T3
SNRNP70,6625,-0.13,no T3
HRC,0,0.7,no T3
TRPM4,54795,0.42,no T3
FCGRT,2217,0.26,no T3
RCN3,57333,0.25,no T3
PRR12,0,-0.15,no T3
PRMT1,3276,0.12,no T3
ADM5,199800,-0.26,no T3
CPT1C,126129,0.11,no T3
FUZ,80199,0.19,no T3
KCNC3,3748,-0.2,no T3
IGLON5,402665,0.37,no T3
VSIG10L,0,0.18,no T3
ETFB,2109,0.22,no T3
ZNF350,59348,-0.19,no T3
ZNF614,80110,-0.14,no T3
ZNF480,147657,-0.19,no T3
ZNF528,84436,-0.2,no T3
ZNF28,7576,-0.19,no T3
ZNF468,90333,-0.29,no T3
ZNF160,90338,0.19,no T3
ZNF845,91664,-0.18,no T3
TPM3P9,147804,-0.2,no T3
MYADM,91663,0.32,no T3
PRKCG,5582,0.57,no T3
CACNG7,0,0.22,no T3
CACNG6,59285,0.47,no T3
PRPF31,26121,-0.18,no T3
TTYH1,57348,0.22,no T3
LENG8-AS1,0,0.2,no T3
PPP1R12C,54776,-0.11,no T3
ZNF304,57343,-0.19,no T3
ZNF549,256051,-0.15,no T3
ZIK1,284307,-0.18,no T3
ZNF530,348327,-0.15,no T3
ZNF587,84914,0.14,no T3
AC008969.1,100128398,0.12,no T3
ZSCAN18,65982,0.17,no T3
ERVK3-1,0,-0.14,no T3
ZNF324,25799,-0.21,no T3
ZNF446,55663,-0.14,no T3
C20orf96,140680,0.26,no T3
TRIB3,57761,0.33,no T3
FAM110A,83541,0.17,no T3
PSMF1,9491,-0.15,no T3
SNPH,9751,-0.17,no T3
STK35,140901,-0.15,no T3
NOP56,10528,-0.15,no T3
IDH3B,3420,-0.14,no T3
CPXM1,56265,0.23,no T3
PCED1A,64773,0.19,no T3
MRPS26,64949,-0.16,no T3
FASTKD5,0,-0.25,no T3
ITPA,3704,-0.15,no T3
ATRN,8455,-0.07,no T3
RNF24,11237,-0.11,no T3
RASSF2,9770,-0.12,no T3
PCNA,5111,-0.17,no T3
GPCPD1,56261,0.32,no T3
TRMT6,51605,-0.19,no T3
BMP2,650,-0.38,no T3
TMX4,0,-0.18,no T3
NDUFAF5,79133,-0.15,no T3
RRBP1,6238,-0.19,no T3
NAA20,51126,-0.15,no T3
CRNKL1,51340,-0.18,no T3
XRN2,22803,-0.14,no T3
NAPB,63908,0.12,no T3
NINL,22981,0.12,no T3
FAM182B,0,0.34,no T3
ID1,3397,-0.24,no T3
DUSP15,128853,0.34,no T3
PDRG1,81572,-0.17,no T3
PLAGL2,5326,-0.14,no T3
KIF3B,9371,-0.22,no T3
NOL4L,140688,0.13,no T3
DNMT3B,1789,0.12,no T3
MAPRE1,22919,-0.11,no T3
NECAB3,63941,0.26,no T3
TP53INP2,58476,-0.41,no T3
TRPC4AP,26133,-0.09,no T3
EDEM2,55741,-0.18,no T3
MMP24,10893,-0.16,no T3
EPB41L1,2036,-0.12,no T3
AAR2,25980,-0.16,no T3
MYL9,10398,0.33,no T3
SOGA1,140710,-0.16,no T3
SAMHD1,25939,-0.31,no T3
VSTM2L,128434,0.26,no T3
RALGAPB,57148,-0.13,no T3
PPP1R16B,26051,0.34,no T3
DHX35,60625,-0.16,no T3
MAFB,9935,-0.31,no T3
TOP1,7150,-0.21,no T3
LPIN3,64900,0.29,no T3
IFT52,51098,-0.14,no T3
TTPAL,79183,-0.16,no T3
PABPC1L,80336,0.19,no T3
SDC4,6385,0.42,no T3
WFDC2,10406,0.19,no T3
CTSA,5476,-0.21,no T3
NCOA5,57727,-0.27,no T3
CDH22,64405,0.3,no T3
SLC13A3,64849,0.45,no T3
ZMYND8,23613,0.24,no T3
SULF2,55959,0.78,no T3
PREX1,57580,0.21,no T3
STAU1,6780,-0.09,no T3
DDX27,0,-0.12,no T3
KCNB1,3745,-0.17,no T3
PTGIS,5740,0.31,no T3
CEBPB,1051,0.36,no T3
KCNG1,3755,0.35,no T3
SALL4,57167,0.5,no T3
TSHZ2,128553,0.27,no T3
ZNF217,7764,0.3,no T3
FAM210B,0,-0.29,no T3
TFAP2C,7022,-0.84,no T3
BMP7,655,0.58,no T3
NKILA,105416157,0.24,no T3
PPP4R1L,0,0.22,no T3
STX16-NPEPL1,0,-0.3,no T3
NPEPL1,79716,-0.2,no T3
CTSZ,1522,0.39,no T3
HRH3,11255,-0.27,no T3
ADRM1,11047,-0.15,no T3
CABLES2,81928,-0.1,no T3
NTSR1,4923,0.29,no T3
DIDO1,11083,-0.13,no T3
YTHDF1,54915,-0.1,no T3
NKAIN4,128414,0.1,no T3
AL121827.2,100192386,-0.27,no T3
CHRNA4,1137,0.4,no T3
EEF1A2,1917,0.45,no T3
PPDPF,79144,0.28,no T3
FNDC11,79025,0.25,no T3
LIME1,0,-0.18,no T3
AL118506.1,112268269,0.19,no T3
TPD52L2,7165,0.08,no T3
ZNF512B,57473,-0.17,no T3
C20orf204,284739,-0.29,no T3
NRIP1,8204,-0.16,no T3
AP001172.1,0,0.29,no T3
BTG3,10950,0.15,no T3
JAM2,58494,0.31,no T3
CFAP298,56683,-0.18,no T3
C21orf62,56245,0.38,no T3
OLIG1,0,-0.22,no T3
GART,2618,-0.11,no T3
SON,6651,-0.13,no T3
LINC00649,100506334,0.19,no T3
CHAF1B,8208,-0.13,no T3
ABCG1,9619,-0.35,no T3
PDE9A,5152,0.19,no T3
PKNOX1,5316,-0.19,no T3
RRP1B,0,-0.14,no T3
RRP1,8568,-0.15,no T3
PFKL,5211,0.1,no T3
AP001062.1,0,-0.34,no T3
LRRC3,81543,-0.13,no T3
LINC02575,0,0.47,no T3
TSPEAR-AS1,0,0.73,no T3
TSPEAR-AS2,0,0.53,no T3
LINC00205,642852,-0.13,no T3
PCBP3,54039,-0.33,no T3
COL6A1,1291,0.25,no T3
LSS,4047,-0.12,no T3
MCM3AP,8888,-0.11,no T3
PRMT2,3275,-0.14,no T3
TMEM121B,27439,-0.19,no T3
HDHD5,27440,0.14,no T3
ADA2,51816,0.27,no T3
CECR2,27443,0.12,no T3
MICAL3,57553,-0.1,no T3
DGCR9,26220,0.25,no T3
SLC25A1,6576,0.14,no T3
C22orf39,128977,0.13,no T3
UFD1,7353,-0.19,no T3
CDC45,8318,-0.15,no T3
CLDN5,7122,0.25,no T3
RTL10,0,-0.16,no T3
CCDC188,388849,0.23,no T3
LZTR1,8216,-0.18,no T3
THAP7-AS1,439931,0.22,no T3
P2RX6,9127,0.39,no T3
UBE2L3,7332,-0.12,no T3
PPM1F,9647,-0.18,no T3
ZDHHC8P1,0,0.25,no T3
CHCHD10,400916,0.3,no T3
MMP11,0,0.35,no T3
MIF,4282,0.33,no T3
CABIN1,23523,-0.08,no T3
SNRPD3,6634,-0.13,no T3
LRRC75B,0,0.19,no T3
SGSM1,129049,0.27,no T3
KIAA1671,85379,0.18,no T3
GRK3,157,0.23,no T3
HPS4,89781,0.11,no T3
TFIP11,24144,-0.15,no T3
MIAT,440823,0.12,no T3
MN1,4330,0.14,no T3
ZNRF3,84133,-0.23,no T3
KREMEN1,83999,-0.18,no T3
EWSR1,2130,-0.15,no T3
NIPSNAP1,8508,0.18,no T3
NF2,4771,-0.14,no T3
SF3A1,0,-0.14,no T3
MTFP1,51537,0.26,no T3
SEC14L6,730005,0.33,no T3
TCN2,6948,0.25,no T3
MORC2,22880,-0.09,no T3
INPP5J,27124,0.2,no T3
PLA2G3,0,0.23,no T3
RNF185,91445,-0.15,no T3
LIMK2,3985,0.16,no T3
DRG1,4733,-0.14,no T3
SYN3,0,0.33,no T3
HMOX1,3162,0.34,no T3
RBFOX2,23543,-0.09,no T3
EIF3D,8664,0.1,no T3
C1QTNF6,114904,-0.19,no T3
ELFN2,0,0.59,no T3
MFNG,4242,0.33,no T3
CDC42EP1,0,0.48,no T3
H1F0,3005,0.44,no T3
POLR2F,5435,-0.14,no T3
CSNK1E,1454,-0.11,no T3
KCNJ4,3761,0.3,no T3
DDX17,10521,-0.05,no T3
AL021707.2,0,0.29,no T3
NPTXR,0,-0.31,no T3
CBX6,23466,-0.17,no T3
APOBEC3C,27350,0.36,no T3
PDGFB,5155,0.31,no T3
SYNGR1,9145,0.24,no T3
MIEF1,54471,-0.12,no T3
CACNA1I,8911,0.28,no T3
MRTFA,57591,-0.15,no T3
EP300,2033,-0.1,no T3
TEF,7008,0.17,no T3
PHF5A,0,-0.15,no T3
POLR3H,171568,-0.16,no T3
XRCC6,2547,-0.13,no T3
TSPO,706,0.33,no T3
SCUBE1,80274,0.39,no T3
SULT4A1,25830,0.16,no T3
PNPLA3,80339,0.36,no T3
SHISAL1,85352,0.39,no T3
RTL6,0,-0.09,no T3
PRR5,55615,0.26,no T3
NUP50,10762,-0.12,no T3
WNT7B,7477,0.22,no T3
ZBED4,0,-0.08,no T3
CRELD2,79174,-0.16,no T3
PANX2,56666,0.24,no T3
TUBGCP6,0,-0.11,no T3
PPP6R2,9701,-0.1,no T3
ADM2,79924,0.47,no T3
ARSE,415,0.26,no T3
MXRA5,0,0.29,no T3
NLGN4X,57502,-0.21,no T3
STS,412,-0.34,no T3
ANOS1,0,0.23,no T3
TBL1X,6907,0.1,no T3
WWC3,55841,0.14,no T3
ARHGAP6,395,0.28,no T3
PIR,8544,0.42,no T3
CTPS2,56474,0.11,no T3
CNKSR2,22866,0.33,no T3
SMS,6611,0.15,no T3
ACOT9,23597,0.17,no T3
EIF2S3,1968,0.13,no T3
PDK3,5165,0.28,no T3
PCYT1B,9468,-0.14,no T3
DMD,1756,0.14,no T3
TMEM47,83604,0.46,no T3
XK,0,0.24,no T3
RBM10,8241,-0.1,no T3
TIMP1,7076,0.21,no T3
WDR13,64743,0.17,no T3
HDAC6,10013,0.13,no T3
SLC35A2,7355,-0.14,no T3
KCND1,0,-0.5,no T3
PRICKLE3,4007,0.32,no T3
CCNB3,85417,0.29,no T3
NUDT11,0,0.19,no T3
HSD17B10,3028,-0.14,no T3
PHF8,23133,-0.12,no T3
APEX2,27301,-0.16,no T3
LAS1L,81887,-0.09,no T3
MSN,4478,0.19,no T3
HEPH,9843,0.34,no T3
EFNB1,1947,0.18,no T3
KIF4A,24137,-0.11,no T3
GDPD2,54857,0.21,no T3
DLG3,1741,0.13,no T3
SLC7A3,84889,0.35,no T3
ZMYM3,9203,0.1,no T3
NHSL2,340527,0.63,no T3
AC233296.1,101928469,0.24,no T3
PGK1,5230,0.23,no T3
LPAR4,2846,0.3,no T3
KLHL4,56062,-0.27,no T3
PCDH11X,27328,0.25,no T3
DIAPH2,1730,0.35,no T3
PCDH19,57526,0.18,no T3
CSTF2,1478,-0.15,no T3
ARMCX2,9823,0.13,no T3
GPRASP1,9737,0.28,no T3
TCEAL5,0,0.24,no T3
PLP1,5354,0.9,no T3
RADX,55086,-0.18,no T3
MORC4,79710,-0.12,no T3
FRMPD3,84443,0.16,no T3
COL4A6,1288,0.43,no T3
COL4A5,1287,0.25,no T3
IRS4,8471,-0.18,no T3
TMEM164,84187,-0.09,no T3
CHRDL1,91851,0.22,no T3
ALG13,79868,0.18,no T3
AMOT,0,-0.12,no T3
HTR2C,0,-0.64,no T3
PLS3,5358,0.37,no T3
KLHL13,90293,0.13,no T3
IL13RA1,3597,-0.35,no T3
PGRMC1,10857,0.09,no T3
SLC25A43,203427,0.23,no T3
NKRF,55922,-0.14,no T3
Sep-06,23157,0.1,no T3
UPF3B,65109,-0.14,no T3
OCRL,4952,-0.15,no T3
UTP14A,10813,-0.24,no T3
RAB33A,9363,0.2,no T3
SLC25A14,9016,-0.14,no T3
IGSF1,3547,0.19,no T3
FIRRE,286467,0.5,no T3
STK26,51765,0.22,no T3
HS6ST2,90161,0.51,no T3
GPC4,2239,0.18,no T3
CCDC160,347475,0.49,no T3
HPRT1,0,0.21,no T3
FHL1,2273,0.13,no T3
HTATSF1,27336,-0.12,no T3
ARHGEF6,9459,0.26,no T3
FGF13,2258,0.25,no T3
SOX3,6658,0.3,no T3
LINC00632,0,0.22,no T3
LINC00894,0,0.25,no T3
HMGB3,3149,-0.21,no T3
GPR50,9248,-0.29,no T3
PRRG3,79057,0.4,no T3
GABRQ,0,-0.23,no T3
ZNF185,7739,0.49,no T3
PNMA3,29944,0.23,no T3
PNCK,139728,0.56,no T3
SLC6A8,6535,-0.09,no T3
RENBP,5973,0.27,no T3
HCFC1,3054,-0.19,no T3
IRAK1,3654,0.14,no T3
DKC1,1736,-0.17,no T3
MPP1,4354,-0.25,no T3
BRCC3,79184,-0.16,no T3
MT-RNR1,0,0.22,no T3
MT-ND1,4535,-0.42,no T3
MT-ND2,4536,-0.38,no T3
MT-CO1,4512,-0.2,no T3
MT-CO2,4513,-0.28,no T3
MT-ATP8,4509,-0.33,no T3
MT-ATP6,4508,-0.38,no T3
MT-CO3,4514,-0.27,no T3
MT-ND3,4537,-0.35,no T3
MT-ND4L,4539,-0.24,no T3
MT-ND4,4538,-0.23,no T3
MT-ND5,4540,-0.14,no T3
MT-ND6,4541,-0.22,no T3
MT-CYB,4519,-0.44,no T3
MT-TT,0,0.25,no T3
HES5,388585,-0.36,high T3
ARHGEF16,27237,0.31,high T3
AL513523.2,343052,-0.12,high T3
ILDR2,387597,-0.22,high T3
RGS16,6004,0.18,high T3
IRF2BP2,359948,0.11,high T3
CYP26B1,56603,0.54,high T3
LRRTM4,80059,0.25,high T3
ST6GAL2,84620,0.13,high T3
INHBB,0,0.21,high T3
HS6ST1,9394,-0.12,high T3
PDE1A,5136,-0.19,high T3
THRB,7068,0.29,high T3
RBP1,5947,0.27,high T3
CLSTN2,64084,0.21,high T3
HES1,3280,0.39,high T3
FGFR3,2261,-0.15,high T3
SPRY1,10252,0.14,high T3
EGR1,1958,0.36,high T3
DDAH2,23564,-0.09,high T3
FABP7,2173,-0.21,high T3
PLAGL1,5325,0.25,high T3
AL009178.2,441179,0.3,high T3
DLL1,28514,-0.13,high T3
THSD7A,221981,0.14,high T3
SP8,221833,0.24,high T3
PODXL,5420,-0.14,high T3
HR,55806,0.79,high T3
SULF1,23213,0.38,high T3
CA13,377677,0.2,high T3
CA2,760,0.14,high T3
MLLT3,4300,0.2,high T3
KLF9,687,1.19,high T3
ANGPTL2,23452,0.26,high T3
RASSF4,83937,0.16,high T3
VCL,7414,-0.15,high T3
CHST15,51363,0.19,high T3
ZNF511,0,-0.2,high T3
CD82,3732,-0.22,high T3
TSPAN18,90139,-0.09,high T3
SYT13,57586,0.11,high T3
NEAT1,283131,0.29,high T3
NAALAD2,10003,0.19,high T3
PDGFD,80310,0.25,high T3
SORL1,6653,0.27,high T3
PRMT8,56341,0.16,high T3
C12orf49,79794,0.12,high T3
FRY,10129,0.54,high T3
RTL1,388015,0.29,high T3
DIO3OS,64150,0.46,high T3
DIO3,1735,1.09,high T3
BMF,90427,0.3,high T3
ISLR2,57611,0.14,high T3
FLYWCH2,114984,0.23,high T3
CRYM,1428,0.3,high T3
SALL1,6299,0.13,high T3
SPECC1,92521,-0.1,high T3
DBP,1628,0.7,high T3
CA11,0,0.19,high T3
TTYH1,57348,-0.16,high T3
TP53INP2,58476,0.34,high T3
ZNF217,7764,0.12,high T3
CABP7,164633,0.31,high T3
GPC3,2719,-0.1,high T3
